SERVICE ADDRESS,BILLING NAME,SWR ACCT,ACCT#,SEQ#,AWPCA REF,SHED,SEQ #,IRRIG,JAN,FEB,MAR,APR,MAY,JUN,JUL,AUG,SEP,OCT,NOV,DEC,GALLONS,EDU,Bill
11 ARCH RD,TOWN OF AVON-GARAGE,1090011,,,,SIMS,,,,,10000,,,88000,,,61000,,,12000,"171,000",2.23,1338
11 ARCH RD,TOWN OF AVON (T.W.S),1090011,,,,SIMS,,,,,0,,,"1,000",,,0,,,0,"1,000",0.01,6
11 ARCH RD,TOWN OF AVON (DOG S),1090011,1090011,1,,SIMS,,,,,39000,,,"7,000",,,"38,000",,,"62,000","146,000",1.9,1140
21 ARCH RD,21 ARCH RD ASSOC INC,1090021,1090021,2,,SIMS,,,,,8000,,,"9,000",,,"7,000",,,"7,000","31,000",0.4,240
25 ARTS CENTER LANE,FARM.VALLEY ARTS CENTER,1140025,1140025,3,,SIMS,,,,,1000,,,1000,,,1000,,,1000,"4,000",0.05,30
27 ARTS CENTER LANE,FARM.VALLEY ARTS CENTER,1140027,1140027,4,,SIMS,,,,,29000,,,22000,,,17000,,,22000,"90,000",1.17,702
21 ARTS CENTER LANE,AVON TOWN CENTER LLC,2210021,,,,SIMS,,,,,31000,,,"43,000",,,"48,000",,,"37,000","159,000",2.07,1242
23 ARTS CENTER CT,AVON TOWN CENTER LLC,2210021,,,,SIMS,,,,,7000,,,6000,,,5000,,,4000,"22,000",0.29,174
23 ARTS CENTER CT,AVON TOWN CENTER LLC - IRRIG,2210021,,,N,SIMS,,,,,9000,,,94000,,,35000,,,0,"138,000",1.8,1080
19 BROOKSIDE CT,AVON TOWN CENTER LLC,2210021,,,,SIMS,,,,,9000,,,7000,,,8000,,,8000,"32,000",0.42,252
19 BROOKSIDE CT,AVON TOWN CENTER LLC - IRRIG.,2210021,,,N,SIMS,,,,,13000,,,115000,,,21000,,,0,"149,000",1.94,1164
8 CANAL CT,AVON TOWN CENTER LLC,2210021,,,,SIMS,,,,,26000,,,13000,,,12000,,,12000,"63,000",0.82,492
11 CANAL CT,AVON TOWN CENTER LLC,2210021,,,,SIMS,,,,,1000,,,0,,,0,,,0,"1,000",0.01,6
5 ENSIGN DR,AVON TOWN CENTER LLC,2210021,,,,SIMS,,,,,0,,,1000,,,0,,,1000,"2,000",0.03,18
5 ENSIGN DR,AVON TOWN CENTER LLC,2210021,,,N,SIMS,,,,,3000,,,19000,,,4000,,,0,"26,000",0.34,204
31 ENSIGN DR,AVON TOWN CENTER LLC,2210021,,,,SIMS,,,,,28000,,,20000,,,13000,,,15000,"76,000",0.99,594
31 ENSIGN DR,AVON TOWN CENTER LLC - IRRIG.,2210021,,,N,SIMS,,,,,10000,,,81000,,,17000,,,0,"108,000",1.41,846
7 WATERSIDE CT,AVON TOWN CENTER LLC,2210021,,,,SIMS,,,,,1000,,,1000,,,1000,,,0,"3,000",0.04,24
7 WATERSIDE CT,AVON TOWN CENTER LLC - IRRIG.,2210021,,,,SIMS,,,,,1000,,,1000,,,1000,,,0,"3,000",0.04,24
9 WATERSIDE CT,AVON TOWN CENTER,2210021,,,,SIMS,,,,,0,,,1000,,,0,,,1000,"2,000",0.03,18
12 WATERSIDE CT,AVON TOWN CENTER,2210021,2210021,5,,SIMS,,,,,4000,,,4000,,,4000,,,3000,"15,000",0.2,120
10 AVON MEADOW LANE,ROBERT HENSLEY & ASSOC,1161010,,,,SIMS,,,,,12000,,,"19,000",,,"63,000",,,"57,000","151,000",1.97,1182
10 AVON MEADOW LANE,AV.MEADOW CONDO ASSOC.INC,1162010,1162010,6,N,SIMS,,,,,89000,,,1980000,,,207000,,,0,"2,276,000",29.69,17814
20 AVON MEADOW LANE,"CORRIDOR PROPERTY MGMT, LLC",1162020,1162020,7,,SIMS,,,,,11000,,,13000,,,10000,,,18000,"52,000",0.68,408
30 AVON MEADOW LANE,"ADN PROPERTIES, LLC",1160030,1160030,8,,SIMS,,,,,25000,,,31000,,,28000,,,22000,"106,000",1.38,828
40 AVON MEADOW LANE,PAUL CRYAN,1161040,1161040,9,,SIMS,,,,,10000,,,32000,,,9000,,,8000,"59,000",0.77,462
50 AVON MEADOW LANE,REDFOOT REALITY HOLDINGS,1161050,1161050,10,,SIMS,,,,,10000,,,9000,,,5000,,,2000,"26,000",0.34,204
60 AVON MEADOW LANE,CARBRAY PROPERTIES LLC,1160060,1160060,11,,SIMS,,,,,5000,,,5000,,,6000,,,4000,"20,000",0.26,156
70/80 AVON MEADOW LANE,"JBILL, LLC",1162070,1162070,12,,SIMS,,,,,13000,,,17000,,,11000,,,7000,"48,000",0.63,378
90 AVON MEADOW LANE,AMTEC,1162090,1162090,13,,SIMS,,,,,2000,,,2000,,,2000,,,1000,"7,000",0.09,54
100 AVON MEADOW LANE,CONST. BILLING & FINANCIAL SVC,1160100,1160100,14,,SIMS,,,,,18000,,,17000,,,18000,,,12000,"65,000",0.85,510
279 AVON MOUNTAIN RD,AVON OLD FARMS HOTEL,1170279,,,,SIMS,,,,,197000,,,467000,,,249000,,,191000,"1,104,000",14.4,8640
279 AVON MOUNTAIN RD,AVON OLD FARMS HOTEL,1170279,,,N,SIMS,,,,,132000,,,229000,,,377000,,,0,"738,000",9.63,5778
279 AVON MOUNTAIN RD,AVON OLD FARMS HOTEL,1170279,,,,SIMS,,,,,526000,,,899000,,,700000,,,103000,"2,228,000",29.07,17442
279 AVON MOUNTAIN RD,AVON OLD FARMS HOTEL,1170279,1170279,15,,SIMS,,,,,5000,,,36000,,,18000,,,0,"59,000",0.77,462
280 AVON MOUNTAIN RD,"NORTH HOUSE REALTY, LLC",1170280,1170280,16,,SIMS,,,,,188000,,,157000,,,152000,,,90000,"587,000",7.66,4596
4 BAILEY RD,JOHN D'ARCANGELO,1240004,1240004,17,,SIMS,,,,,58000,,,97000,,,70000,,,21000,"246,000",3.21,1926
101 BICKFORD DR,"BENCHMARK GPT AVON, SITE#:rra05",1300101,1300101,18,,SIMS,,,,,1131000,,,1398000,,,1142000,,,833000,"4,504,000",58.76,35256
5 BUCKINGHAM,HERITAGE AT BUCKINGHAM,5980030,5980030,19,,FARM,,,,,0,,,0,,,0,,,0,0,0,0
FARM.WOODS MASTER ASSOC,200 BYRON DR-MASTER ASSO,1610200,1610200,20,,FARM,,,,,353000,,,310000,,,215000,,,200000,"1,078,000",14.06,8436
FARM.WOODS MASTER ASSOC.,0 BYRON DR-GOLF BATHRO,1610150,,,,FARM,,,,,2000,,,1000,,,0,,,0,"3,000",0.04,24
FARM.WOODS MASTER ASSOC.,0 BYRON DR BATH HOUSE,1610150,,,,FARM,,,,,1000,,,1000,,,0,,,0,"2,000",0.03,18
FARM.WOODS MASTER ASSOC.,0 BYRON DR POOL #1,1610150,,,,FARM,,,,,3000,,,7000,,,0,,,0,"10,000",0.13,78
FARM.WOODS MASTER ASSOC.,0 GUILFORD DR-POOL,1610150,,,,FARM,,,,,60000,,,185000,,,15000,,,0,"260,000",3.39,2034
FARM.WOODS MASTER ASSOC.,0 GREENWICH POOL-BYRON,1610150,,,,FARM,,,,,0,,,0,,,0,,,0,0,0,0
FARM.WOODS MASTER ASSOC.,Mallard Dr-pool,1610150,,,,FARM,,,,,28000,,,45000,,,0,,,0,"73,000",0.95,570
FARM.WOODS MASTER ASSOC.,FARM WDS GUARD,1610150,,,,FARM,,,,,37000,,,27000,,,0,,,1000,"65,000",0.85,510
FARM.WOODS MASTER ASSOC.,43 HERITAGE DR-CLUBHOUS,1610150,,,,FARM,,,,,237000,,,209000,,,127000,,,127000,"700,000",9.13,5478
FARM.WOODS MASTER ASSOC.,46 Heritage Dr,1610150,1610150,21,,FARM,,,,,0,,,2000,,,0,,,0,"2,000",0.03,18
state of CT,3 CHIDSEY RD,1780003,1780003,22,,SIMS,,,,,0,,,0,,,0,,,400000,"400,000",5.22,3132
"GRIFFIN, GUILD LLC",5 CLIMAX ROAD,1830005,1830005,23,,SIMS,,,,,8000,,,35000,,,13000,,,2000,"58,000",0.76,456
AVON VILLAGE CENTER ,55 ClIMAX ROAD R1,1830050,,,,SIMS,,,,,1000,,,11000,,,0,,,0,"12,000",0.16,96
AVON VILLAGE CENTER ,25 ClIMAX ROAD R2,1830050,,,,SIMS,,,,,2000,,,12000,,,0,,,0,"14,000",0.18,108
AVON VILLAGE CENTER ,50 CLIMAX ROAD,1830050,,,,SIMS,,,,,0,,,0,,,81000,,,6000,"87,000",1.14,684
AVON VILLAGE CENTER ,50 CLIMAX ROAD R4,1830050,,,,SIMS,,,,,410000,,,243000,,,0,,,0,"653,000",8.52,5112
AVON VILLAGE CENTER ,60 Market St Bldg R5 M,1830050,,,,SIMS,,,,,52000,,,1359000,,,771000,,,0,"2,182,000",28.47,17082
AVON VILLAGE CENTER ,60 Market St Bldg R5 M,1830050,,,,SIMS,,,,,0,,,0,,,1000,,,0,"1,000",0.01,6
AVON VILLAGE CENTER ,30 Market St Bldg R8,1830050,1830050,24,,SIMS,,,,,1000,,,1000,,,0,,,0,"2,000",0.03,18
GOLF CLUB OF AVON,160 COUNTRY CLUB RD,1940160,1940160,25,,SIMS,,,,,183000,,,464000,,,631000,,,186000,"1,464,000",19.1,11460
CARMON & COMPANY LLC,301 COUNTRY CLUB RD,1940301,,,,SIMS,,,,,153000,,,292000,,,71000,,,0,"516,000",6.73,4038
CARMON & COMPANY LLC -IRR,301 COUNTRY CLUB RD,1940301,,,N,SIMS,,,,,167000,,,305000,,,81000,,,12000,"565,000",7.37,4422
CARMON & COMPANY LLC ,412 WEST AVON RD,1940301,1940301,26,,SIMS,,,,,13000,,,15000,,,15000,,,12000,"55,000",0.72,432
CLINTON JAMBOR,22 DALE RD,2020022,2020022,27,,SIMS,,,,,9000,,,7000,,,6000,,,6000,"28,000",0.37,222
LIBERTY BANK ,27 DALE RD,2020027,,,,SIMS,,,,,4000,,,36000,,,1000,,,0,"41,000",0.53,318
LIBERTY BANK,27 DALE RD,2020027,,,N,SIMS,,,,,7000,,,39000,,,5000,,,4000,"55,000",0.72,432
DR. COLLEEN JAMBOR,33 DALE RD,2020027,,,,SIMS,,,,,7000,,,53000,,,50000,,,20000,"130,000",1.7,1020
DR. SIOBAN STEPHEN,33 DALE RD,2020027,,,,SIMS,,,,,4000,,,2000,,,11000,,,28000,"45,000",0.59,354
DR NICHOLAS LABBADIA,33 DALE RD,2020027,2020027,28,N,SIMS,,,,,37000,,,32000,,,12000,,,0,"81,000",1.06,636
TC&F LLC,34 DALE RD,2020034,2020034,29,,SIMS,,,,,99000,,,118000,,,100000,,,85000,"402,000",5.24,3144
"40 DALE RD, LLC",40 DALE RD,2020040,2020040,30,,SIMS,,,,,75000,,,110000,,,96000,,,82000,"363,000",4.74,2844
44 DALE RD. LLC,44 DALE RD,2020044,2020044,31,,SIMS,,,,,149000,,,211000,,,219000,,,127000,"706,000",9.21,5526
"OFS FITEL, LLC",55 Darling Dr- Primary,2030055,2030055,32,,SIMS,,,,,0,,,0,,,0,,,1091000,"1,091,000",14.23,8538
peachtree assoc,60 Darling Dr,2030060,2030060,33,,SIMS,,,,,1000,,,1000,,,1000,,,1000,"4,000",0.05,30
LEGERE WOODWORKING,80 DARLING DR,2030080,2030080,34,,SIMS,,,,,0,,,0,,,0,,,781000,781,0.01,6
"COCC, INC.",105 DARLING DR,2030105,2030105,35,,SIMS,,,,,0,,,0,,,0,,,161000,161,0,0
ORAFOL AMERICAS INC.,120 DARLING DR,2030120,2030120,36,,SIMS,,,,,0,,,0,,,0,,,2888000,2888,0.04,24
"135 DARLING DR, LLC",135 DARLING DR,2030135,2030135,37,,SIMS,,,,,16000,,,4000,,,16000,,,10000,"46,000",0.6,360
DECAPO BRICK OVEN PIZZA,1 EAST MAIN ST,2140001,,,,SIMS,,,,,368000,,,373000,,,273000,,,193000,"1,207,000",15.75,9450
"AVON VILLAGE ASSOC., LLC",7 EAST MAIN ST,2140001,,,,SIMS,,,,,3000,,,3000,,,3000,,,3000,"12,000",0.16,96
"AVON VILLAGE ASSOC, LLC",11 EAST MAIN ST,2140001,,,,SIMS,,,,,0,,,1000,,,0,,,1000,"2,000",0.03,18
"AVON VILLAGE ASSOC, LLC",17 EAST MAIN ST,2140001,,,,SIMS,,,,,2000,,,3000,,,2000,,,1000,"8,000",0.1,60
"AVON VILLAGE ASSOC, LLC",19 EAST MAIN ST,2140001,,,,SIMS,,,,,10000,,,13000,,,13000,,,5000,"41,000",0.53,318
"AVON VILLAGE ASSOC, LLC",25 EAST MAIN ST,2140001,,,,SIMS,,,,,2000,,,1000,,,2000,,,2000,"7,000",0.09,54
"AVON VILLAGE ASSOC, LLC",27 EAST MAIN ST,2140001,2140001,38,,SIMS,,,,,0,,,0,,,0,,,1000,"1,000",0.01,6
"AVON VILLAGE ASSOC, LLC",29 EAST MAIN ST,2140033,,,,SIMS,,,,,2000,,,1000,,,0,,,1000,"4,000",0.05,30
"AVON VILLAGE ASSOC, LLC",31 EAST MAIN ST,2140033,,,,SIMS,,,,,22000,,,13000,,,5000,,,5000,"45,000",0.59,354
"AVON VILLAGE ASSOC, LLC",33 EAST MAIN ST,2140033,,,,SIMS,,,,,11000,,,15000,,,12000,,,12000,"50,000",0.65,390
"AVON VILLAGE ASSOC, LLC",35 EAST MAIN ST,2140033,,,,SIMS,,,,,85000,,,36000,,,28000,,,26000,"175,000",2.28,1368
"AVON VILLAGE ASSOC, LLC",37 EAST MAIN ST,2140033,,,,SIMS,,,,,21000,,,33000,,,20000,,,11000,"85,000",1.11,666
"AVON VILLAGE ASSOC, LLC",41 EAST MAIN ST,2140033,,,,SIMS,,,,,483000,,,0,,,87000,,,86000,"656,000",8.56,5136
"AVON VILLAGE ASSOC, LLC",39 EAST MAIN ST,2140033,,,,SIMS,,,,,22000,,,32000,,,35000,,,41000,"130,000",1.7,1020
"AVON VILLAGE ASSOC, LLC",45 EAST MAIN ST,2140033,2140033,39,,SIMS,,,,,6000,,,5000,,,7000,,,6000,"24,000",0.31,186
APPLEWOODS LLC,51 East Main St - Prim,2140051,2140051,40,,SIMS,,,,,0,,,0,,,0,,,667000,667000,8.7,5220
THE ELEPHANT TRAIL REST.,85 EAST MAIN ST,2140085,2140085,41,,SIMS,,,,,75000,,,98000,,,84000,,,65000,"322,000",4.2,2520
AVON HISTORICAL SOC.,10 EAST MAIN ST,2140010,2140010,42,,SIMS,,,,,7000,,,9000,,,2000,,,10000,"28,000",0.37,222
"10 E MAIN ST AVON, LLC",20 EAST MAIN ST,2140020,2140020,43,,SIMS,,,,,10000,,,26000,,,18000,,,4000,"58,000",0.76,456
"20 EAST MAIN ST, LLC",22 EAST MAIN ST,2140022,2140022,44,,SIMS,,,,,8000,,,26000,,,2000,,,2000,"38,000",0.5,300
FLAGMAN OF AMERICA,24 EAST MAIN ST,2140024,2140024,45,,SIMS,,,,,2000,,,38000,,,12000,,,0,"52,000",0.68,408
COMPANIONS & HOMEMAKERS,28 EAST MAIN ST,2140028,,,,SIMS,,,,,0,,,0,,,1000,,,3000,"4,000",0.05,30
FRANK PENDERGAST INC.,28 EAST MAIN ST,2140028,2140028,46,,SIMS,,,,,2000,,,2000,,,1000,,,0,"5,000",0.07,42
30 EAST MAIN LLC,30 EAST MAIN ST,2140030,2140030,47,,SIMS,,,,,10000,,,50000,,,18000,,,2000,"80,000",1.04,624
JARI ASSOCIATES,32 EAST MAIN ST,2140032,2140032,48,,SIMS,,,,,61000,,,96000,,,63000,,,45000,"265,000",3.46,2076
GIFTS OF LOVE,34 EAST MAIN ST,2140034,2140034,49,,SIMS,,,,,11000,,,42000,,,9000,,,7000,"69,000",0.9,540
0Avon Medical Professionals LLC,36 EAST MAIN ST,2140036,2140036,50,,SIMS,,,,,15000,,,69000,,,40000,,,15000,"139,000",1.81,1086
"AVON PROPERTIES, LLC",56 EAST MAIN ST,2140056,,,,SIMS,,,,,44000,,,48000,,,38000,,,30000,"160,000",2.09,1254
"AVON PROPERTIES, LLC",60 EAST MAIN ST,2140056,,,,SIMS,,,,,3000,,,1000,,,0,,,1000,"5,000",0.07,42
AVON PROPERTIES LLC,70 East Main St- Prima,2140056,,,,SIMS,,,,,0,,,0,,,0,,,1387000,1387000,18.1,10860
MAXAMIA,70 EAST MAIN ST MAX ,2140056,2140056,51,,SIMS,,,,,0,,,0,,,0,,,906000,906000,11.82,7092
"PSM ENTERPRISES, LLC",80 EAST MAIN ST,2140080,2140080,52,,SIMS,,,,,25000,,,78000,,,71000,,,75000,"249,000",3.25,1950
USPOSTAL SERVICE,15 ENFORD ST,2200015,2200015,53,,SIMS,,,,,20000,,,26000,,,20000,,,20000,"86,000",1.12,672
AVON TOWN CENTER LLC,44 WEST MAIN ST,2210016,,,,SIMS,,,,,1000,,,14000,,,27000,,,27000,"69,000",0.9,540
AVON TOWN CENTER LLC,32 West Main St,2210016,,,,SIMS,,,,,0,,,2000,,,2000,,,1000,"5,000",0.07,42
AVON TOWN CENTER LLC,34 West Main St,2210016,,,,SIMS,,,,,0,,,0,,,0,,,53000,53000,0.69,414
AVON TOWN CENTER LLC,38 West Main St  - PRIM,2210016,2210016,54,,SIMS,,,,,,,,,,,,,,127000,127000,1.66,996
"HTA-80 FISHER, LLC #150416",80 Fisher Dr - Primar,2280080,2280080,55,,SIMS,,,,,0,,,0,,,0,,,115000,115000,1.5,900
"HCR MANORCARE PROP LLC, SITE 686",100 FISHER DR,2280100,,,,SIMS,,,,,378000,,,521000,,,420000,,,215000,"1,534,000",20.01,12006
"HCR MANORCARE PROP LLC, SITE 686",100 FISHER DR,2280100,2280100,56,,SIMS,,,,,376000,,,539000,,,353000,,,179000,"1,447,000",18.88,11328
FARMINGTON ACADEMY INC,150 Fisher Dr - Primar,2280150,2280150,57,,SIMS,,,,,0,,,0,,,0,,,223000,223000,2.91,1746
APN ASSOC,200 FISHER DRIVE,2280200,2280200,58,,SIMS,,,,,14000,,,131000,,,116000,,,17000,"278,000",3.63,2178
,335 HUCKLEBERRY HILL RD,2810335,2810335,59,,SIMS,,,,,0,,,0,,,0,,,0,"76,650",1,600
AVON VOLUNTEER DEPT,365 HUCKLEBERRY HILL RD,2810365,2810365,60,,SIMS,,,,,2000,,,1000,,,1000,,,2000,"6,000",0.08,48
HUNTERS RUN TAX DISTRICT,1 HUNTINGTON GLEN(CLUB,2840001,,,,SIMS,,,,,17000,,,11000,,,11000,,,11000,"50,000",0.65,390
HUNTERS RUN TAX DISTRICT,HUNTERS RUN GATE HOUSE,2840001,2840001,61,,SIMS,,,,,1000,,,103000,,,9000,,,0,"113,000",1.47,882
CONNEMARA COURT-ALSOP,27 NOD RD,3290027,,,,SIMS,,,,,0,,,0,,,0,,,0,0,0,0
"CONNEMARA COURT, LLC",35 NOD RD,3290027,,,,SIMS,,,,,92000,,,225000,,,321000,,,192000,"830,000",10.83,6498
"CONNEMARA COURT, LLC",45 Nod Rd - Primary Mt,3290027,,,,SIMS,,,,,0,,,0,,,0,,,30000,30000,0.39,234
NOD PROPERTIES LLC,55 Nod Rd - Primary Mt,3290027,3290027,62,,SIMS,,,,,0,,,0,,,0,,,10000,10000,0.13,78
BLUE FOX CLUBHOUSE,65 Nod Rd -Primary Mtr,3290065,3290065,63,,SIMS,,,,,0,,,0,,,0,,,147000,147000,1.92,1152
OLDCASTLE PRECAST INC.,151 OLD FARMS RD,3360151,3360151,64,,SIMS,,,,,265000,,,136000,,,176000,,,239000,"816,000",10.65,6390
OLDCASTLE PRECAST INC,154 OLD FARMS RD,3360154,3360154,65,,SIMS,,,,,48000,,,32000,,,32000,,,44000,"156,000",2.04,1224
JENNIFER CENTOFANTI,174 OLD FARMS RD,3360174,3360174,66,,SIMS,,,,,8000,,,10000,,,11000,,,12000,"41,000",0.53,318
AVON SELF-STORAGE,190 OLD FARMS RD,3360190,3360190,67,,SIMS,,,,,1000,,,1000,,,2000,,,1000,"5,000",0.07,42
Hop Meadow Brewing Co.,205 OLD FARMS RD,3360205,,,,SIMS,,,,,47000,,,60000,,,49000,,,38000,"194,000",2.53,1518
Truffles Bakery & Kitchen,205 OLD FARMS RD,3360205,,,,SIMS,,,,,0,,,0,,,6000,,,9000,"15,000",0.2,120
Cornerstone Landing,205 OLD FARMS RD,3360205,,,,SIMS,,,,,0,,,0,,,0,,,0,0,0,0
Cornerstone Landing,205 OLD FARMS RD,3360205,3360205,68,,SIMS,,,,,3000,,,2000,,,2000,,,2000,"9,000",0.12,72
AVON OLD FARMS SCHOOL,500 OLD FARMS RD,3360500,,,,SIMS,,,,,1114000,,,1371000,,,1018000,,,766000,"4,269,000",55.69,33414
AVON OLD FARMS SCHOOL,500 OLD FARMS RD,3360500,,,,SIMS,,,,,1175000,,,1418000,,,1240000,,,1081000,"4,914,000",64.11,38466
AVON OLD FARMS SCHOOL,500 OLD FARMS RD,3360500,3360500,69,,SIMS,,,,,22000,,,31000,,,0,,,3000,"56,000",0.73,438
0My Dog's Daycare Llc,18 SANDSCREEN RD,3820018,3820018,70,,SIMS,,,,,18000,,,19000,,,18000,,,15000,"70,000",0.91,546
TOA,106 SECRET LAKE RD,3890106,3890106,71,,SIMS,,,,,0,,,0,,,0,,,76650,"76,650",1,600
0CREC Academy of the Arts,20 SECURITY DR,3900020,,,,SIMS,,,,,115000,,,48000,,,96000,,,53000,"312,000",4.07,2442
0CREC Academy of the Arts,20 SECURITY DR,3900020,3900020,72,,SIMS,,,,,111000,,,52000,,,85000,,,60000,"308,000",4.02,2412
PMP CORP,25 Security Dr - Prima,3900025,3900025,73,,SIMS,,,,,0,,,0,,,0,,,375000,"375,000",4.89,2934
TOA,30 OLD WHEELER LANE,3410030,3410030,74,,SIMS,,,,,0,,,0,,,0,,,76650,"76,650",1,600
NORWICH COMMERCIAL GRP INC.,38 Security Dr - Prima,3900038,3900038,75,,SIMS,,,,,0,,,0,,,0,,,0,"76,650",1,600
0Mittera Group Inc,60 SECURITY DR,3900060,,,,SIMS,,,,,0,,,0,,,0,,,62000,,0,0
0Trend Offset Printing,60 SECURITY DR,3900060,3900060,76,,SIMS,,,,,0,,,1000,,,131000,,,125000,"257,000",3.35,2010
0Board Of Education,34 Simsbury Rd,3970034,3970034,77,,SIMS,,,,,28000,,,67000,,,49000,,,20000,"164,000",2.14,1284
0Brighenti Family Wellness,100 Simsbury Rd - Prim,3970100,,,,SIMS,,,,,0,,,0,,,0,,,464000,464000,6.05,3630
0Commercial Prop Adv Llc,100 Simsbury Rd - Dedu,3970100,,,,SIMS,,,,,0,,,0,,,0,,,1222000,1222000,15.94,9564
0Healthtrax - Avon,100 Simsbury Rd,3970100,3970100,78,,SIMS,,,,,250000,,,215000,,,181000,,,163000,"809,000",10.55,6330
0Northwest Community Bank,101 SIMSBURY RD,3970101,3970101,79,,SIMS,,,,,23000,,,216000,,,38000,,,5000,"282,000",3.68,2208
0Avon Office Commons Assoc.,111 SIMSBURY RD,3971111,3971111,80,,SIMS,,,,,52000,,,30000,,,51000,,,101000,"234,000",3.05,1830
0The Residence At Brookside,117 Simsbury Rd - prim,3970117,3970117,81,,SIMS,,,,,0,,,0,,,0,,,1753000,"1,753,000",22.87,13722
fred patton,145 SIMSBURY RD,3970145,3970145,82,,SIMS,,,,,2000,,,3000,,,2000,,,2000,"9,000",0.12,72
147 ASSOCIATES,147 SIMSBURY RD,3970147,3970147,83,,SIMS,,,,,0,,,0,,,0,,,76650,"76,650",1,600
0New Eng Guild Wealth Adv.,139 SIMSBURY RD,3970139,,,,SIMS,,,,,0,,,3000,,,3000,,,3000,"9,000",0.12,72
0DH 139 Simsbury Rd LLC,139 SIMSBURY RD,3970139,3970139,84,,SIMS,,,,,2000,,,1000,,,0,,,0,"3,000",0.04,24
0Commercial Prop Adv Llc,120 SIMSBURY RD,3970124,,,,SIMS,,,,,3000,,,4000,,,11000,,,11000,"29,000",0.38,228
0Commercial Prop Adv Llc,120 SIMSBURY RD,3970124,,,,SIMS,,,,,1000,,,116000,,,74000,,,0,"191,000",2.49,1494
0Riverdale Farms (irr#3),140 Simsbury Rd - #3 -,3970124,,,N,SIMS,,,,,45000,,,54000,,,60000,,,0,"159,000",2.07,1242
0Educational Playcare,140 Simsbury Rd,3970124,,,,SIMS,,,,,3000,,,2000,,,2000,,,1000,"8,000",0.1,60
0Avon Clock & Lighting,144 Simsbury Rd,3970124,,,,SIMS,,,,,0,,,1000,,,0,,,0,"1,000",0.01,6
0Educational Playcare #7,144 Simsbury Rd,3970124,,,,SIMS,,,,,6000,,,6000,,,4000,,,5000,"21,000",0.27,162
0Educational Playcare  #7,146 Simsbury Rd,3970124,,,,SIMS,,,,,32000,,,34000,,,42000,,,35000,"143,000",1.87,1122
0Avon Clock & Lighting,146 Simsbury Rd,3970124,,,,SIMS,,,,,2000,,,2000,,,1000,,,3000,"8,000",0.1,60
0Avon Wines & Spirits,146 Simsbury Rd,3970124,,,,SIMS,,,,,1000,,,1000,,,2000,,,4000,"8,000",0.1,60
0Riverdale Farms,146 Simsbury Rd - #7 I,3970124,,,,SIMS,,,,,36000,,,53000,,,41000,,,0,"130,000",1.7,1020
0Riverdale Farms (Foresight),152 Simsbury Rd,3970124,,,,SIMS,,,,,0,,,0,,,1000,,,2000,"3,000",0.04,24
0Riverdale Farms (offices),152 Simsbury Rd,3970124,,,,SIMS,,,,,2000,,,1000,,,2000,,,2000,"7,000",0.09,54
0Koster Family Chiropractic,152 Simsbury Rd,3970124,,,,SIMS,,,,,1000,,,2000,,,2000,,,2000,"7,000",0.09,54
0BAM PT and Wellness Center,152 Simsbury Rd,3970124,,,,SIMS,,,,,1000,,,0,,,0,,,1000,"2,000",0.03,18
0Lux Hair Co.,152 Simsbury Rd,3970124,,,,SIMS,,,,,0,,,32000,,,37000,,,33000,"102,000",1.33,798
0Riverdale Farms (#19 Irr),152 Simsbury Rd - #19,3970124,,,N,SIMS,,,,,24000,,,35000,,,29000,,,0,"88,000",1.15,690
0Riverdale Farms -(#9 Irr),152 Simsbury Rd - #9 -,3970124,,,N,SIMS,,,,,30000,,,43000,,,34000,,,0,"107,000",1.4,840
152 Simsbury Rd Bathro,152 Simsbury Rd,3970124,,,,SIMS,,,,,12000,,,13000,,,11000,,,11000,"47,000",0.61,366
0Little City Pizza,152 Simsbury Rd,3970124,,,,SIMS,,,,,55000,,,74000,,,45000,,,33000,"207,000",2.7,1620
0Educational Playcare #8,152 Simsbury Rd,3970124,,,,SIMS,,,,,94000,,,241000,,,221000,,,46000,"602,000",7.85,4710
0Educational Playcare #19,152 Simsbury Rd,3970124,,,,SIMS,,,,,66000,,,88000,,,21000,,,18000,"193,000",2.52,1512
0Ekkalak Thai Cuisine,136 SIMSBURY RD,3970124,,,,SIMS,,,,,0,,,25000,,,8000,,,17000,"50,000",0.65,390
0Toshi Japanese Restaurant,136 SIMSBURY RD,3970124,,,,SIMS,,,,,53000,,,52000,,,42000,,,55000,"202,000",2.64,1584
0RSB78 LLC,136 SIMSBURY RD,3970124,,,,SIMS,,,,,36000,,,0,,,0,,,0,"36,000",0.47,282
0Somewhere in Bangkok,136 SIMSBURY RD,3970124,,,,SIMS,,,,,42000,,,57000,,,0,,,0,"99,000",1.29,774
0Riverdale Farms,136 SIMSBURY RD,3970124,,,,SIMS,,,,,0,,,1000,,,0,,,2000,"3,000",0.04,24
0The Lime Bar,136 SIMSBURY RD,3970124,,,,SIMS,,,,,44000,,,74000,,,332000,,,396000,"846,000",11.04,6624
0Riverdale Farms Irr 14,136 Simsbury Rd - Bld,3970124,,,N,SIMS,,,,,8000,,,9000,,,9000,,,0,"26,000",0.34,204
0Riverdale Farms IR #6,136 Simsbury Rd - IRR,3970124,,,N,SIMS,,,,,36000,,,31000,,,45000,,,0,"112,000",1.46,876
0Brownbear And Owl Holistic LLC,136 Simsbury Rd (2A),3970124,,,,SIMS,,,,,0,,,0,,,0,,,0,0,0,0
0Riverdale Farms,136 Simsbury Rd (2A),3970124,,,,SIMS,,,,,0,,,0,,,0,,,0,0,0,0
0Riverdale Farms (bld 5A),136 Simsbury Rd (bldg,3970124,,,,SIMS,,,,,0,,,1000,,,0,,,1000,"2,000",0.03,18
0Elizabeth Nicole Wake Studio,136 Simsbury Rd (bldg,3970124,,,,SIMS,,,,,2000,,,0,,,0,,,0,"2,000",0.03,18
0Creative Development LLC,136 Simsbury Rd 5B,3970124,,,,SIMS,,,,,0,,,0,,,0,,,0,0,0,0
0Riverdale Farms,136 Simsbury Rd 5B,3970124,,,,SIMS,,,,,0,,,0,,,0,,,0,0,0,0
0Body Over Bike,136 Simsbury Rd Bld 16,3970124,,,,SIMS,,,,,0,,,2000,,,2000,,,0,"4,000",0.05,30
0Riverdale Farms (bld 14 Apt.),136 Simsbury Rd Bldg 1,3970124,,,,SIMS,,,,,0,,,0,,,0,,,0,0,0,0
0Riverdale Farms,136 Simsbury Rd Bldg 1,3970124,,,,SIMS,,,,,0,,,0,,,0,,,0,0,0,0
0Riverdale Farms,136 Simsbury Rd Bldg 1,3970124,,,,SIMS,,,,,11000,,,18000,,,14000,,,14000,"57,000",0.74,444
0Riverdale Farms (Bakery),136 Simsbury Rd Bldg 1,3970124,,,,SIMS,,,,,19000,,,18000,,,15000,,,12000,"64,000",0.83,498
0Riverdale Farms,136 Simsbury Rd Bldg 4,3970124,,,,SIMS,,,,,0,,,0,,,0,,,0,0,0,0
0Riverdale Farms (bld 5A),136 Simsbury Rd Ste 2B,3970124,,,,SIMS,,,,,0,,,0,,,0,,,0,0,0,0
0Avon Country Deli LLC,136 Simsbury Rd,3970124,,,,SIMS,,,,,0,,,46000,,,36000,,,20000,"102,000",1.33,798
0Raimie H Weber LLC,136 Simsbury Rd,3970124,,,,SIMS,,,,,0,,,0,,,1000,,,0,"1,000",0.01,6
0Bounom Limited Liability Co,136 Simsbury Rd bldg 1,3970124,,,,SIMS,,,,,11000,,,13000,,,13000,,,9000,"46,000",0.6,360
0Simply Eventful LLC,136 Simsbury Rd  Hairl,3970124,,,,SIMS,,,,,73000,,,26000,,,43000,,,5000,"147,000",1.92,1152
0Raimie H Weber LLC,136 Simsbury Rd,3970124,,,,SIMS,,,,,0,,,0,,,1000,,,0,"1,000",0.01,6
0Be.Yoga In Avon LLC,136 Simsbury Rd Bldg 4,3970124,,,,SIMS,,,,,0,,,0,,,1000,,,0,"1,000",0.01,6
RIVERDALE FARMS (BLD 14 APT.),136 SIMSBURY RD,3970124,3970124,85,,SIMS,,,,,0,,,0,,,0,,,0,0,0,0
0JKY LLC,2 SIMSBURY RD,3970002,3970002,86,,SIMS,,,,,8000,,,8000,,,7000,,,8000,"31,000",0.4,240
"0AD1 Avon Hotels, LLC",55 Simsbury Rd,3970055,,,,SIMS,,,,,10000,,,17000,,,15000,,,12000,"54,000",0.7,420
"0AD1 Avon Hotels, LLC",55 Simsbury Rd - Prima,3970055,3970055,87,,SIMS,,,,,0,,,0,,,0,,,2525000,"2,525,000",32.94,19764
0ENE Realty Assoc,10 Tower Lane The Offi,4370010,4370010,88,,SIMS,,,,,44000,,,69000,,,35000,,,19000,"167,000",2.18,1308
"0ENE Realty Assoc., Llc",20 Tower Lane CGFM Tow,4370020,4370020,89,,SIMS,,,,,31000,,,89000,,,53000,,,21000,"194,000",2.53,1518
0ENE Realty Assoc LLC,30 Tower Lane The Offi,4370030,4370030,90,,SIMS,,,,,9000,,,23000,,,49000,,,19000,"100,000",1.3,780
"040 Tower Lane, LLC",40 Tower Lane Prim,4370040,4370040,91,,SIMS,,,,,29000,,,104000,,,51000,,,12000,"196,000",2.56,1536
"050 Tower, LLC",50 Tower Lane,4370050,4370050,92,,SIMS,,,,,12000,,,70000,,,23000,,,17000,"122,000",1.59,954
"SECURE FINANCIAL PROPERTIES, LLC",7 TOWPATH LANE,4380007,4380007,93,,SIMS,,,,,4000,,,6000,,,6000,,,5000,"21,000",0.27,162
BOARD OF ED.(5/6 SCHOOL),150 THOMPSON RD,4320150,,,,SIMS,,,,,114000,,,67000,,,62000,,,43000,"286,000",3.73,2238
BOARD OF ED.(5/6 SCHOOL),150 THOMPSON RD,4320150,4320150,94,,SIMS,,,,,141000,,,72000,,,82000,,,59000,"354,000",4.62,2772
BOTANICALS DAY SPA,9 WATERVILLE RD,4500009,4500009,95,,SIMS,,,,,6000,,,7000,,,12000,,,62000,"87,000",1.14,684
,21 WATERVILLE RD,4500021,4500021,96,,SIMS,,,,,0,,,0,,,0,,,100000,"100,000",1.3,780
SWEETLAND REALTY LLC,22 Waterville Rd - Pri,4500022,4500022,97,,SIMS,,,,,0,,,0,,,0,,,136000,"136,000",1.77,1062
TWENTY NINE WATERVILLE LLC,29 WATERVILLE RD,4500029,4500029,98,,SIMS,,,,,14000,,,61000,,,23000,,,9000,"107,000",1.4,840
CONNECTICUT EYE CENTER,35 WATERVILLE RD,4500035,4500035,99,,SIMS,,,,,17000,,,11000,,,8000,,,15000,"51,000",0.67,402
PATH LLC,40 WATERVILLE RD,4500040,4500040,100,,SIMS,,,,,15000,,,90000,,,45000,,,3000,"153,000",2,1200
CAPITOL REG. EDUC. COUNCIL,59 WATERVILLE RD,4500059,4500059,101,,SIMS,,,,,187000,,,102000,,,145000,,,137000,"571,000",7.45,4470
PETCO ANIMAL SUPPLY #1813,9 WEST AVON RD,4520015,,,,SIMS,,,,,58000,,,48000,,,50000,,,53000,"209,000",2.73,1638
PUERTO VALLARTA GROUP LLC,15 West Avon Rd - Prim,4520015,4520015,102,,SIMS,,,,,0,,,0,,,0,,,1028000,"1,028,000",13.41,8046
"DR. TIMOTHY OWENS, LLC",12 WEST AVON RD,4520012,4520012,103,,SIMS,,,,,3000,,,3000,,,2000,,,76650,"76,650",1,600
MY EYE OPTOMETRY,18 WEST AVON RD,4520018,4520018,104,,SIMS,,,,,67000,,,15000,,,11000,,,23000,"116,000",1.51,906
TWENTY W AVON RD ASSOC,20 WEST AVON RD,4520020,4520020,105,,SIMS,,,,,52000,,,49000,,,118000,,,44000,"263,000",3.43,2058
DR. NICHOLAS LABBADIA,46 WEST AVON RD,4520046,4520046,106,,SIMS,,,,,17000,,,20000,,,18000,,,18000,"73,000",0.95,570
"0Prime Healthcare, P.C.",54 WEST AVON RD,4520054,,,,SIMS,,,,,1000,,,2000,,,2000,,,2000,"7,000",0.09,54
54 West Avon Rd 101 Mt,54 WEST AVON RD,4520054,,,,SIMS,,,,,118000,,,114000,,,101000,,,193000,"526,000",6.86,4116
54 West Avon Rd 101 Mt,54 WEST AVON RD,4520054,,,,SIMS,,,,,124000,,,119000,,,105000,,,202000,"550,000",7.18,4308
54 West Avon Rd 103,54 WEST AVON RD,4520054,,,,SIMS,,,,,0,,,0,,,0,,,0,0,0,0
54 West Avon Rd 104,54 WEST AVON RD,4520054,,,,SIMS,,,,,6000,,,6000,,,7000,,,5000,"24,000",0.31,186
DIALYSIS CLIMIC,54 WEST AVON RD,4520054,4520054,107,,SIMS,,,,,0,,,0,,,0,,,0,0,0,0
"0Your Corner Store, LLC",395 WEST AVON RD,4520395,,,,SIMS,,,,,2000,,,3000,,,2000,,,9000,"16,000",0.21,126
0Brighenti Enterprises,395 WEST AVON RD,4520395,,,,SIMS,,,,,2000,,,2000,,,1000,,,1000,"6,000",0.08,48
0Luke's Donut Shop,395 WEST AVON RD,4520395,,,,SIMS,,,,,7000,,,9000,,,8000,,,8000,"32,000",0.42,252
0Brighenti Enterprises,395 WEST AVON RD,4520395,,,,SIMS,,,,,0,,,1000,,,0,,,0,"1,000",0.01,6
0Brighenti Enterprises,395 WEST AVON RD,4520395,,,,SIMS,,,,,10000,,,8000,,,27000,,,16000,"61,000",0.8,480
0Brighenti Enterprises,395 WEST AVON RD,4520395,4520395,108,,SIMS,,,,,0,,,1000,,,0,,,0,"1,000",0.01,6
0Icon Salon,427 WEST AVON RD,4520427,,,,SIMS,,,,,24000,,,24000,,,26000,,,21000,"95,000",1.24,744
0Lovely Nails &Spa LLC,427 WEST AVON RD,4520427,,,,SIMS,,,,,12000,,,18000,,,15000,,,10000,"55,000",0.72,432
0Cheers2u,427 WEST AVON RD,4520427,,,,SIMS,,,,,1000,,,1000,,,0,,,1000,"3,000",0.04,24
0American Eagle Financial Credi,427 WEST AVON RD,4520427,,,,SIMS,,,,,3000,,,3000,,,3000,,,3000,"12,000",0.16,96
0West Avon LLC,427 WEST AVON RD,4520427,,,N,SIMS,,,,,172000,,,250000,,,15000,,,0,"437,000",5.7,3420
0Pizzeria Davinci LLC,427 WEST AVON RD,4520427,4520427,109,,SIMS,,,,,15000,,,15000,,,17000,,,16000,"63,000",0.82,492
VALLEY COM. BAPTIST CHURCH,590 WEST AVON RD,4520590,4520590,110,,SIMS,,,,,0,,,0,,,0,,,157000,157000,2.05,1230
AVON CONVALESCENT HOME,652 West Avon Rd - Pri,4520652,4520652,111,,SIMS,,,,,0,,,0,,,0,,,3346000,3346000,43.65,26190
WEST AVON FIRE HOUSE #3,490 WEST AVON RD,4520490,4520490,112,,SIMS,,,,,10000,,,11000,,,10000,,,7000,"38,000",0.5,300
BOARD OF ED.(ATH.FLD.),510 WEST AVON RD,4520510,,,,SIMS,,,,,232000,,,111000,,,164000,,,118000,"625,000",8.15,4890
BOARD OF EDUCATION,510 WEST AVON RD,4520510,,,,SIMS,,,,,36000,,,44000,,,5000,,,0,"85,000",1.11,666
510 West Avon Rd - IRR,510 WEST AVON RD,4520510,4520510,113,N,SIMS,,,,,69000,,,499000,,,245000,,,0,"813,000",10.61,6366
O'NEILL CHEV & BUICK,3 WEST MAIN ST,4540005,,,,SIMS,,,,,2000,,,1000,,,2000,,,2000,"7,000",0.09,54
"O'NEILL'S CHEV&BUICK,INC.",5 WEST MAIN ST,4540005,4540005,114,,SIMS,,,,,48000,,,27000,,,42000,,,34000,"151,000",1.97,1182
,7 WEST MAIN ST,4540006,4540006,115,,SIMS,,,,,,,,,,,,,,76650,"76,650",1,600
THE MASTERS CORP.,11 WEST MAIN ST,4540011,4540011,116,,SIMS,,,,,,,,,,,,,,76650,"76,650",1,600
AVON CONG. CHURCH,12 WEST MAIN ST,4540012,4540012,117,,SIMS,,,,,25000,,,26000,,,25000,,,27000,"103,000",1.34,804
CT WATER,14 WEST MAIN ST,4540014,,,,SIMS,,,,,0,,,0,,,0,,,0,0,0,0
CT WATER,14 WEST MAIN ST,4540014,4540014,118,,SIMS,,,,,0,,,0,,,0,,,76650,"76,650",1,600
17 W MAIN ST ASSOC LLC,16 WEST MAIN ST,4540016,4540016,119,,SIMS,,,,,0,,,0,,,0,,,76650,"76,650",1,600
DOM'S COFFEE LLC,17 WEST MAIN ST,4540017,4540017,120,,SIMS,,,,,,,,,,,,,,76650,"76,650",1,600
DOM'S COFFEE LLC,20 WEST MAIN ST,4540020,4540020,121,,SIMS,,,,,29000,,,42000,,,22000,,,170000,"263,000",3.43,2058
THE COFFEE TRADE INC.,21 WEST MAIN ST,4540021,4540021,122,,SIMS,,,,,16000,,,17000,,,13000,,,12000,"58,000",0.76,456
"FIRST & LAST TAVERN, AVON",24 WEST MAIN ST,4540026,,,,SIMS,,,,,0,,,0,,,0,,,1255000,1255000,16.37,9822
"FIRST & LAST TAVERN, AVON",25 WEST MAIN ST,4540026,4540026,123,,SIMS,,,,,0,,,0,,,0,,,177000,177000,2.31,1386
LORENZO DICLEMENTE #3,29 West Main St Bld 1,4540029,,,,SIMS,,,,,0,,,0,,,0,,,0,0,0,0
JOSEPH & IRENE GENTILE #2,29 West Main St Bld 2,4540029,,,,SIMS,,,,,47000,,,42000,,,35000,,,50000,"174,000",2.27,1362
LORENZO DICLEMENTE #1,29 West Main St Bld. 3,4540029,,,,SIMS,,,,,0,,,0,,,0,,,0,0,0,0
LORENZO DICLEMENTE #4,29 West Main St Bldg 1,4540029,4540029,124,,SIMS,,,,,0,,,0,,,0,,,0,0,0,0
LORENZO DICLEMENTE,37 WEST MAIN ST,4540037,4540037,125,,SIMS,,,,,21000,,,21000,,,19000,,,17000,"78,000",1.02,612
0Avon Central LLC,43 West Main St - Prim,4540043,4540043,126,,SIMS,,,,,30000,,,142000,,,66000,,,58000,"296,000",3.86,2316
AVON ALLIES,45 WEST MAIN ST,4540045,4540045,127,,SIMS,,,,,34000,,,42000,,,34000,,,32000,"142,000",1.85,1110
"DREW & MERSEREAU, PC",47 WEST MAIN ST,4540047,4540047,128,,SIMS,,,,,21000,,,8000,,,5000,,,5000,"39,000",0.51,306
"ACOP, LLC #49",49 WEST MAIN ST,4540049,4540049,129,,SIMS,,,,,18000,,,13000,,,12000,,,18000,"61,000",0.8,480
AVON TOWN CENTER LLC,16 ENSIGN DR,2210016,,,,SIMS,,,,,0,,,0,,,0,,,0,0,0,0
AVON TOWN CENTER LLC,32 WEST MAIN ST,2210016,,,,SIMS,,,,,0,,,2000,,,2000,,,1000,"5,000",0.07,42
AVON TOWN CENTER LLC,38 West Main St  - Ded,2210016,,,,SIMS,,,,,10000,,,58000,,,17000,,,0,"85,000",1.11,666
AVON TOWN CENTER LLC,38 West Main St  - Pri,2210016,,,,SIMS,,,,,26000,,,80000,,,25000,,,7000,"138,000",1.8,1080
AVON TOWN CENTER LLC,44 WEST MAIN ST,2210016,2210016,130,,SIMS,,,,,1000,,,14000,,,27000,,,27000,"69,000",0.9,540
0Town of Avon,60 West Main St  Bldg,4540060,,,,SIMS,,,,,0,,,50000,,,14000,,,0,"64,000",0.83,498
0Public Works (green),60 West Main St,4540060,,,N,SIMS,,,,,0,,,0,,,0,,,0,0,0,0
0Town Of Avon,60 West Main St - Poli,4540060,,,,SIMS,,,,,36000,,,17000,,,15000,,,17000,"85,000",1.11,666
0Town Of Avon (Bld 5),60 West Main St Bldg 5,4540060,,,,SIMS,,,,,3000,,,3000,,,4000,,,3000,"13,000",0.17,102
0Town Of Avon,60 West Main St Bldg 6,4540060,,,,SIMS,,,,,6000,,,7000,,,5000,,,5000,"23,000",0.3,180
0Town Of Avon,60 West Main St Bldg 8,4540060,,,,SIMS,,,,,31000,,,23000,,,20000,,,16000,"90,000",1.17,702
0Town of Avon,60 West Main St Bldg1,4540060,4540060,131,,SIMS,,,,,9000,,,57000,,,21000,,,5000,"92,000",1.2,720
MARLENE JUNG ASSOC,112 WEST MAIN ST,4540112,4540112,132,,SIMS,,,,,7000,,,5000,,,9000,,,7000,"28,000",0.37,222
F & L ASSOCIATES,166 WEST MAIN ST,4540166,4540166,133,,SIMS,,,,,3000,,,3000,,,3000,,,5000,"14,000",0.18,108
"172 WEST MAIN,  LLC",172 W Main St Prud Bld,4540172,4540172,134,,SIMS,,,,,,,,,,,,,,76650,"76,650",1,600
STEPHAN BROTHERS REALTY,177 WEST MAIN ST,4540177,4540177,135,,SIMS,,,,,3000,,,3000,,,5000,,,3000,"14,000",0.18,108
YONG,183 WEST MAIN ST,4540183,4540183,136,,SIMS,,,,,0,,,0,,,0,,,76650,"76,650",1,600
LEIBERT FAMILY LTD. PART.,192 WEST MAIN ST,4540192,,,,SIMS,,,,,32000,,,40000,,,17000,,,18000,"107,000",1.4,840
ROSIE'S LAUNDRY,192 WEST MAIN ST,4540192,4540192,137,,SIMS,,,,,343000,,,347000,,,331000,,,276000,"1,297,000",16.92,10152
FOUR SQUARE ASSOCIATES,195 WEST MAIN ST,4540195,4540195,138,,SIMS,,,,,107000,,,75000,,,79000,,,46000,"307,000",4.01,2406
DP1 LLC,200 WEST MAIN ST,4540200,,,,SIMS,,,,,17000,,,124000,,,34000,,,3000,"178,000",2.32,1392
"E & D PIZZA CO, LLC",200 West Main St Unit B,4540200,4540200,139,,SIMS,,,,,28000,,,31000,,,30000,,,28000,"117,000",1.53,918
0BNF Contractors Inc,205 WEST MAIN ST,4540205,4540205,140,,SIMS,,,,,157000,,,238000,,,3000,,,4000,"402,000",5.24,3144
DAVID KELLY LLC,209 WEST MAIN ST,4540209,4540209,141,,SIMS,,,,,24000,,,23000,,,20000,,,14000,"81,000",1.06,636
DPI LLC,210 WEST MAIN ST,4540210,,,,SIMS,,,,,0,,,0,,,0,,,0,0,0,0
DEEPWATER LOBSTER,210 WEST MAIN ST,4540210,,,,SIMS,,,,,91000,,,105000,,,81000,,,77000,"354,000",4.62,2772
0Rivers Edge Mediterranean Cuis,210 WEST MAIN ST,4540210,4540210,142,,SIMS,,,,,67000,,,62000,,,52000,,,47000,"228,000",2.97,1782
"K BROTHERS, LLC",213 WEST MAIN ST,4540213,4540213,143,,SIMS,,,,,3000,,,5000,,,14000,,,2000,"24,000",0.31,186
ROY ROUNSEVILLE,214 WEST MAIN ST,4540214,4540214,144,,SIMS,,,,,6000,,,9000,,,5000,,,6000,"26,000",0.34,204
LAWRENCE BRUNOLI,220 WEST MAIN ST,4540220,4540220,145,,SIMS,,,,,24000,,,44000,,,18000,,,15000,"101,000",1.32,792
FRED & BONNIE LLC,221 WEST MAIN ST,4540221,4540221,146,,SIMS,,,,,0,,,0,,,0,,,76650,"76,650",1,600
ENTERPRISE RENT-A-CAR,224 WEST MAIN ST,4540224,4540224,147,,SIMS,,,,,5000,,,9000,,,10000,,,9000,"33,000",0.43,258
GREEN MOUNTAIN LLC,225 WEST MAIN ST,4540225,4540225,148,,SIMS,,,,,0,,,0,,,0,,,76650,"76,650",1,600
"KEYBANK, NA",232 WEST MAIN ST,4540232,4540232,149,,SIMS,,,,,2000,,,2000,,,2000,,,1000,"7,000",0.09,54
BANK OF AMERICA,240 WEST MAIN ST,4540240,4540240,150,,SIMS,,,,,4000,,,5000,,,5000,,,7000,"21,000",0.27,162
TOWN FAIR TIRE CTRS OF CT,248 WEST MAIN ST,4540248,4540248,151,,SIMS,,,,,7000,,,10000,,,6000,,,7000,"30,000",0.39,234
0255 West Main LLC,255 West Main St - IRR,4540255,,,N,SIMS,,,,,39000,,,285000,,,46000,,,0,"370,000",4.83,2898
0255 West Main LLC,255 West Main St-Prima,4540255,,,,SIMS,,,,,107000,,,83000,,,96000,,,99000,"385,000",5.02,3012
0TD Bank,255 WEST MAIN ST,4540255,,,,SIMS,,,,,2000,,,2000,,,1000,,,2000,"7,000",0.09,54
FIVE GUYS OPERATIONS LLC #74,255 West Main St - Ded,4540255,,,,SIMS,,,,,40000,,,70000,,,53000,,,47000,"210,000",2.74,1644
0Walmart #01-2899,255 West Main St,4540255,,,,SIMS,,,,,152000,,,128000,,,104000,,,92000,"476,000",6.21,3726
"BIG Y GROCERY, SITE #53",255 West Main St - Pri,4540255,,,,SIMS,,,,,0,,,0,,,0,,,876000,"876,000",11.43,6858
"0GTGCT Avon, LLC",255 West Main St - Ded,4540255,,,,SIMS,,,,,7000,,,7000,,,8000,,,6000,"28,000",0.37,222
0Green Bamboo,255 West Main St - Ded,4540255,,,,SIMS,,,,,0,,,0,,,34000,,,46000,"80,000",1.04,624
0Shu Express,255 West Main St - Ded,4540255,4540255,152,,SIMS,,,,,59000,,,4000,,,0,,,0,"63,000",0.82,492
"SUNSET OF AVON, LLC",260 WEST MAIN ST,4540260,4540260,153,,SIMS,,,,,84000,,,35000,,,36000,,,20000,"175,000",2.28,1368
RUSSELL SPEEDERS CAR WASH,265 West Main St - Pri,4540265,4540265,154,,SIMS,,,,,0,,,0,,,0,,,8201000,"8,201,000",106.99,64194
ROTUNDO ,279 WEST MAIN ST,4540279,4540279,155,,SIMS,,,,,0,,,0,,,0,,,76650,"76,650",1,600
LORENZO DICLEMENTE,282 WEST MAIN ST,4540282,4540282,156,,SIMS,,,,,0,,,0,,,0,,,76650,"76,650",1,600
290 CLIPPER CENTER LLC,290 WEST MAIN ST,4540290,4540290,157,,SIMS,,,,,50000,,,110000,,,103000,,,36000,"299,000",3.9,2340
DP3 LLC,300 West Main St,4540300,,,,SIMS,,,,,96000,,,103000,,,77000,,,68000,"344,000",4.49,2694
,300 West Main St -  IR,4540300,4540300,158,N,SIMS,,,,,0,,,50000,,,45000,,,0,"95,000",1.24,744
FISH ENTERPRISES,302 WEST MAIN ST,4540302,4540302,159,,SIMS,,,,,39000,,,98000,,,43000,,,31000,"211,000",2.75,1650
AVON RETAIL,304 WEST MAIN ST ,4540304,4540304,160,,SIMS,,,,,0,,,0,,,0,,,76650,"76,650",1,600
FARMINGTON SAVINGS BANK,310 WEST MAIN ST,4540310,4540310,161,,SIMS,,,,,7000,,,87000,,,21000,,,4000,"119,000",1.55,930
LANE BRYANT LLC,315 WEST MAIN ST,4540315,,,,SIMS,,,,,0,,,0,,,1000,,,1000,"2,000",0.03,18
"NOD BROOK, LLC (BAKERDOZ)",315 WEST MAIN ST,4540315,,,,SIMS,,,,,0,,,1000,,,1000,,,1000,"3,000",0.04,24
GREAT CLIPS,315 WEST MAIN ST,4540315,,,,SIMS,,,,,14000,,,15000,,,14000,,,14000,"57,000",0.74,444
"NOD BROOK, LLC (TOP NAIL)",315 WEST MAIN ST,4540315,,,,SIMS,,,,,11000,,,18000,,,14000,,,8000,"51,000",0.67,402
"LANE BRYANT #4811, LLC",315 WEST MAIN ST,4540315,,,,SIMS,,,,,0,,,0,,,0,,,0,0,0,0
"443400 TJX CO, MS#1",315 WEST MAIN ST,4540315,,,,SIMS,,,,,34000,,,171000,,,31000,,,45000,"281,000",3.67,2202
"443400 TJX CO, MS#1",315 WEST MAIN ST,4540315,,,,SIMS,,,,,67000,,,29000,,,17000,,,14000,"127,000",1.66,996
NOD BROOK LLC (PUL),315 WEST MAIN ST,4540315,,,,SIMS,,,,,7000,,,14000,,,10000,,,15000,"46,000",0.6,360
NOD BROOK LLC (MUSIC),315 WEST MAIN ST,4540315,,,,SIMS,,,,,0,,,0,,,0,,,0,0,0,0
MICHAEL'S MS #2,315 WEST MAIN ST,4540315,,,,SIMS,,,,,11000,,,9000,,,8000,,,7000,"35,000",0.46,276
COLONY GRILL,315 WEST MAIN ST,4540315,,,,SIMS,,,,,0,,,0,,,0,,,0,0,0,0
NOD BROOK LLC,315 WEST MAIN ST,4540315,,,,SIMS,,,,,2000,,,2000,,,2000,,,1000,"7,000",0.09,54
NOD BROOK LLC,316 WEST MAIN ST,4540315,,,,SIMS,,,,,6000,,,7000,,,8000,,,8000,"29,000",0.38,228
THE FRESH MARKET #127,321 WEST MAIN ST,4540315,4540315,162,,SIMS,,,,,165000,,,159000,,,157000,,,155000,"636,000",8.3,4980
LEXHAM AVON LLC,320 WEST MAIN ST,4540320,4540320,163,,SIMS,,,,,139000,,,209000,,,120000,,,86000,"554,000",7.23,4338
F. FEIBEL,328 WEST MAIN ST,4540328,4540328,164,,SIMS,,,,,0,,,0,,,0,,,76650,"76,650",1,600
"NAVE, LLC",332 WEST MAIN ST,4540332,4540332,165,,SIMS,,,,,4000,,,6000,,,3000,,,4000,"17,000",0.22,132
"G & L AVON, LLC",336 WEST MAIN ST,4540336,4540336,166,,SIMS,,,,,341000,,,453000,,,359000,,,206000,"1,359,000",17.73,10638
LEXHAM AVON LLC,339 WEST MAIN ST,4540339,4540339,167,,SIMS,,,,,30000,,,284000,,,43000,,,18000,"375,000",4.89,2934
FRIENDLY REST#4239,347 WEST MAIN ST,4540347,4540347,168,,SIMS,,,,,128000,,,126000,,,117000,,,87000,"458,000",5.98,3588
GOLD-BORG ASSOCIATES,353 WEST MAIN ST,4540353,4540353,169,,SIMS,,,,,7000,,,7000,,,10000,,,5000,"29,000",0.38,228
CVS #1180,358 WEST MAIN ST,4540358,,,N,SIMS,,,,,11000,,,12000,,,10000,,,11000,"44,000",0.57,342
CVS #1180-02,358 WEST MAIN ST,4540358,4540358,170,,SIMS,,,,,0,,,0,,,0,,,76650,"76,650",1,600
BATTISTON'S CLEANERS,369 West Main St - Pri,4540369,4540369,171,,SIMS,,,,,0,,,0,,,0,,,1359000,"1,359,000",17.73,10638
BERTUCCI'S,380 WEST MAIN ST,4540380,,,,SIMS,,,,,145000,,,150000,,,149000,,,142000,"586,000",7.65,4590
"VERIZON WIRELESS, SITE# 90377",380 WEST MAIN ST,4540380,,,,SIMS,,,,,2000,,,3000,,,3000,,,2000,"10,000",0.13,78
"STARBUCKS, SITE #075",380 WEST MAIN ST,4540380,,,,SIMS,,,,,79000,,,84000,,,74000,,,61000,"298,000",3.89,2334
AVON MARKETPLACE,380 WEST MAIN ST,4540380,,,,SIMS,,,,,0,,,0,,,0,,,0,0,0,0
CASS INFORMATION SYSTEMS,380 WEST MAIN ST,4540380,,,,SIMS,,,,,19000,,,18000,,,18000,,,16000,"71,000",0.93,558
AVON MARKETPLACE,380 WEST MAIN ST,4540380,,,,SIMS,,,,,84000,,,85000,,,93000,,,87000,"349,000",4.55,2730
AVON MARKETPLACE (NBAL),380 WEST MAIN ST,4540380,,,,SIMS,,,,,3000,,,3000,,,3000,,,3000,"12,000",0.16,96
0Avon Marketplace,380 West Main St - Irr,4540380,4540380,172,,SIMS,,,,,0,,,0,,,1000,,,0,"1,000",0.01,6
SHOPS AT DALE CORNER,385 WEST MAIN ST,4540385,,,,SIMS,,,,,47000,,,349000,,,125000,,,0,"521,000",6.8,4080
HARTFORD HEALTH CARE,386 WEST MAIN ST,4540385,,,,SIMS,,,,,7000,,,9000,,,7000,,,8000,"31,000",0.4,240
HARTFORD HEALTH CARE,387 WEST MAIN ST,4540385,,,,SIMS,,,,,8000,,,10000,,,4000,,,0,"22,000",0.29,174
HARTFORD HEALTH CARE,388 WEST MAIN ST,4540385,,,,SIMS,,,,,0,,,0,,,0,,,0,0,0,0
SAVIN BRANDS,387 WEST MAIN ST,4540385,,,,SIMS,,,,,42000,,,44000,,,34000,,,38000,"158,000",2.06,1236
SPORT CLIPS,385 WEST MAIN ST,4540385,,,,SIMS,,,,,12000,,,12000,,,10000,,,8000,"42,000",0.55,330
LIKI SUSHI,385 WEST MAIN ST,4540385,,,,SIMS,,,,,111000,,,108000,,,65000,,,62000,"346,000",4.51,2706
SHOPS AT DALE CORNER,385 WEST MAIN ST,4540385,4540385,173,,SIMS,,,,,0,,,0,,,0,,,2000,"2,000",0.03,18
NOVA CENTER CO.,395 WEST MAIN ST,4540395,4540395,174,,SIMS,,,,,62000,,,62000,,,63000,,,60000,"247,000",3.22,1932
VRAKAS LLC,401 WEST MAIN ST,4540401,4540401,175,,SIMS,,,,,405000,,,429000,,,318000,,,244000,"1,396,000",18.21,10926
SMART FOODS,411 WEST MAIN ST,4540411,4540411,176,,SIMS,,,,,7000,,,21000,,,36000,,,28000,"92,000",1.2,720
