Date,Field2,CustID,Field4,VehID,Town
20260206,A,1375897,,7073961,84
20260206,A,1379595,,5577460,84
20260206,A,4203960,,5577460,84
20260206,A,1439968,,7027843,84
20260206,A,1448043,,7186390,84
20260206,A,1480601,,6742929,84
20260206,A,1488113,,6899376,84
20260206,A,1489971,,5023390,84
20260206,A,1627602,,5023390,84
20260206,A,1584031,,4942414,84
20260206,A,1587317,,4995245,84
20260206,A,1607312,,5420413,84
20260206,A,5648980,,5420413,84
20260206,A,1607330,,7248845,84
20260206,A,1644634,,5293028,84
20260206,A,1768795,,6149721,84
20260206,A,1779764,,5084031,84
20260206,A,1795060,,7744043,84
20260206,A,1819916,,4550225,84
20260206,A,1830605,,7737076,84
20260206,A,4664027,,7737076,84
20260206,A,1872077,,7229434,84
20260206,A,1882580,,5413648,84
20260206,A,4260089,,5413648,84
20260206,A,1899188,,7586210,84
20260206,A,1902412,,7829716,84
20260206,A,104573,,7531913,84
20260206,A,104574,,5048242,84
20260206,A,139836,Y,7343919,84
20260206,A,140257,,6999951,84
20260206,A,544528,,7502613,84
20260206,A,561491,,6867321,84
20260206,A,624937,,7636336,84
20260206,A,710789,,4729124,84
20260206,A,730177,,3815873,84
20260206,A,3182779,,3815873,84
20260206,A,808943,,4997587,84
20260206,A,909694,,7224614,84
20260206,A,985308,,6866411,84
20260206,A,5510278,,6866411,84
20260206,A,1012349,,7825366,84
20260206,A,1017553,,5696178,84
20260206,A,1056837,,5122426,84
20260206,A,2142781,,5122426,84
20260206,A,1070303,,7406154,84
20260206,A,1090405,,6620963,84
20260206,A,1095057,,7729566,84
20260206,A,1112316,,4882040,84
20260206,A,1119417,,7453130,84
20260206,A,1130830,,6968867,84
20260206,A,1135136,,5328738,84
20260206,A,1167216,,6060686,84
20260206,A,2153366,,6060686,84
20260206,A,1254283,,6228066,84
20260206,A,1280575,,6874504,84
20260206,A,1316170,,6518626,84
20260206,A,1330762,,4982239,84
20260206,A,2024518,,7525819,84
20260206,A,2048259,,4558394,84
20260206,A,2247477,,7338437,84
20260206,A,2256695,,4489923,84
20260206,A,2284269,,7906881,84
20260206,A,2321436,,7516964,84
20260206,A,2330708,,6677108,84
20260206,A,2381189,,2825390,84
20260206,A,2437295,,5335777,84
20260206,A,5476007,,5335777,84
20260206,A,2517707,,6719174,84
20260206,A,2537350,,6141734,84
20260206,A,2578206,,7522014,84
20260206,A,2582475,,5421695,84
20260206,A,2722768,,2962979,84
20260206,A,5782721,,4931284,84
20260206,A,2725915,,2692940,84
20260206,A,2781975,,6274123,84
20260206,A,2838711,,4220099,84
20260206,A,4932621,,6077284,84
20260206,A,2845475,,4628705,84
20260206,A,2847602,,580396,84
20260206,A,2855283,,203671,84
20260206,A,2860388,,4067712,84
20260206,A,2920050,,6231783,84
20260206,A,2925148,,4890088,84
20260206,A,2993452,,4768890,84
20260206,A,4153985,,6399578,84
20260206,A,3076526,,5122496,84
20260206,A,3872675,,4617007,84
20260206,A,3131580,,6325856,84
20260206,A,3544708,,6164232,84
20260206,A,3176044,,7213090,84
20260206,A,3280613,,4580241,84
20260206,A,3289485,,4761219,84
20260206,A,3298322,,5412532,84
20260206,A,3308693,,5565088,84
20260206,A,3313936,,5203251,84
20260206,A,5179054,,5203251,84
20260206,A,3324874,,5211551,84
20260206,A,3405749,,1555910,84
20260206,A,3438055,,2537995,84
20260206,A,4735518,,7118175,84
20260206,A,3515227,,5584279,84
20260206,A,3537412,,7034845,84
20260206,A,3586805,,7170944,84
20260206,A,3625324,,4490873,84
20260206,A,3662055,,7297554,84
20260206,A,3685034,,7718900,84
20260206,A,3710177,,6842908,84
20260206,A,3715323,,7014110,84
20260206,A,3746645,,5764820,84
20260206,A,3761286,,187484,84
20260206,A,3855523,,7212437,84
20260206,A,3904688,,6756322,84
20260206,A,3909583,,253432,84
20260206,A,3918783,,6404312,84
20260206,A,3923550,,6389030,84
20260206,A,3929114,,5689115,84
20260206,A,4016538,,6586253,84
20260206,A,4038074,,7803796,84
20260206,A,4061323,,7648167,84
20260206,A,4076606,,7035890,84
20260206,A,4076834,,5929667,84
20260206,A,4109891,,4919681,84
20260206,A,4110709,,7624762,84
20260206,A,4139797,,5324484,84
20260206,A,4146595,,4314000,84
20260206,A,4163715,,3713709,84
20260206,A,4180787,,6203375,84
20260206,A,2984715,,6203375,84
20260206,A,4241600,,5401778,84
20260206,A,4247690,,7014018,84
20260206,A,3376531,,2329448,84
20260206,A,4250226,,4870220,84
20260206,A,4272789,,7232092,84
20260206,A,4287647,,7653229,84
20260206,A,4289714,,123299,84
20260206,A,4400013,,5758183,84
20260206,A,4468215,,6784901,84
20260206,A,4523290,,4408840,84
20260206,A,4547915,,6505438,84
20260206,A,4576815,,6880878,84
20260206,A,4594703,,6779093,84
20260206,A,4603589,,7038422,84
20260206,A,4402083,,7038422,84
20260206,A,4760327,,1090913,84
20260206,A,4809753,,5871739,84
20260206,A,4827919,,7094846,84
20260206,A,4871213,,7232971,84
20260206,A,4888146,,7123377,84
20260206,A,4933451,,5107474,84
20260206,A,4941299,,6050922,84
20260206,A,4955471,,6624123,84
20260206,A,4974444,,6571736,84
20260206,A,4980760,,2697817,84
20260206,A,6659287,,7316134,84
20260206,A,5006651,,5415320,84
20260206,A,5009720,,5366321,84
20260206,A,5014416,,5022955,84
20260206,A,3494752,,5370016,84
20260206,A,5099937,,5796574,84
20260206,A,5124830,,5892232,84
20260206,A,5130811,,7968438,84
20260206,A,5225441,,4327337,84
20260206,A,5334592,,3734921,84
20260206,A,5451972,,4740229,84
20260206,A,5522301,,4990851,84
20260206,A,625948,,4990851,84
20260206,A,5550448,,2218804,84
20260206,A,5621539,,3884634,84
20260206,A,5676540,,2154744,84
20260206,A,5704823,,4921700,84
20260206,A,5714647,,7549355,84
20260206,A,5715170,,5354632,84
20260206,A,5716128,,5628702,84
20260206,A,5826952,,6518061,84
20260206,A,5851808,,5395220,84
20260206,A,5913782,,7830955,84
20260206,A,5917462,,5269208,84
20260206,A,6033920,,7691812,84
20260206,A,6034807,,762555,84
20260206,A,6041114,,5516950,84
20260206,A,6043518,,5092724,84
20260206,A,6064574,,6526592,84
20260206,A,6179323,,5751403,84
20260206,A,6187992,,6960877,84
20260206,A,6189908,,7655179,84
20260206,A,6242738,,7721510,84
20260206,A,6245622,,4927628,84
20260206,A,6254911,,4347270,84
20260206,A,6291283,,7636523,84
20260206,A,6308334,,1512457,84
20260206,A,6376696,,6962318,84
20260206,A,6415636,,7466663,84
20260206,A,6415818,,7616299,84
20260206,A,6465270,,5873802,84
20260206,A,6482874,,4635603,84
20260206,A,6511606,,5572295,84
20260206,A,6655448,,7833627,84
20260206,A,6657907,,7818169,84
20260206,A,6721051,,7853726,84
20260206,A,6775091,,5916120,84
20260206,A,6799367,,7153972,84
20260206,A,6792221,,6976469,84
20260206,A,537946,,6976469,84
20260206,A,6798519,,6877865,84
20260206,A,6806101,,6408970,84
20260206,A,6841805,,7667807,84
20260206,A,6884317,,6669725,84
20260206,A,6886377,,7521581,84
20260206,A,6923793,,4533894,84
20260206,A,6983916,,6744414,84
20260206,A,7025553,,6991766,84
20260206,A,7079978,,7452910,84
20260206,A,7253511,,7765852,84
20260206,A,7279671,,7655840,84
20260206,A,17131695,,7416392,84
