Hookup,BillingDate,Reading,Type,ReadDate,Ref,AddedUse,AddUseHow,*,*
 ,00000000,70.00,R,000000, ,.00,0,*
100002,19490120,16.00,R,000000, ,.00,0,*
100003,06/21/20,19.00,R,000000, ,.00,0,*
100003,06/22/20,19.00,R,000000, ,.00,0,*
100003,06/26/20,19.00,R,000000, ,.00,0,*
100003,19490120,19.00,R,000000, ,.00,0,*
100004,06/21/20,41.00,R,000000, ,.00,0,*
100004,06/22/20,41.00,R,000000, ,.00,0,*
100004,06/26/20,41.00,R,000000, ,.00,0,*
100005,06/21/20,17.00,R,000000, ,.00,0,*
100005,06/22/20,17.00,R,000000, ,.00,0,*
100005,06/26/20,17.00,R,000000, ,.00,0,*
100006,06/21/20,26.00,R,000000, ,.00,0,*
100006,06/22/20,26.00,R,000000, ,.00,0,*
100006,06/26/20,26.00,R,000000, ,.00,0,*
100007,06/21/20,54.00,R,000000, ,.00,0,*
100007,06/22/20,54.00,R,000000, ,.00,0,*
100007,06/26/20,54.00,R,000000, ,.00,0,*
100008,06/21/20,40.00,R,000000, ,.00,0,*
100008,06/22/20,40.00,R,000000, ,.00,0,*
100008,06/26/20,40.00,R,000000, ,.00,0,*
100009,20110420,15.00,R,000000, ,.00,0,*
100010,06/21/20,21.00,R,000000, ,.00,0,*
100010,06/22/20,21.00,R,000000, ,.00,0,*
100010,06/26/20,21.00,R,000000, ,.00,0,*
100011,20060720,20.00,R,000000, ,.00,0,*
100012,06/21/20,92.00,R,000000, ,.00,0,*
100012,06/22/20,92.00,R,000000, ,.00,0,*
100012,06/26/20,92.00,R,000000, ,.00,0,*
100012,20000020,92.00,R,000000, ,.00,0,*
100013,06/21/20,30.00,R,000000, ,.00,0,*
100013,06/22/20,30.00,R,000000, ,.00,0,*
100013,06/26/20,30.00,R,000000, ,.00,0,*
100014,06/21/20,17.00,R,000000, ,.00,0,*
100014,06/22/20,17.00,R,000000, ,.00,0,*
100014,06/26/20,17.00,R,000000, ,.00,0,*
100015,20000720,29.00,R,000000, ,.00,0,*
100016,20110220,57.00,R,000000, ,.00,0,*
100017,06/21/20,74.00,R,000000, ,.00,0,*
100017,06/22/20,74.00,R,000000, ,.00,0,*
100017,06/26/20,74.00,R,000000, ,.00,0,*
100018,06/21/20,53.00,R,000000, ,.00,0,*
100018,06/22/20,53.00,R,000000, ,.00,0,*
100018,06/26/20,53.00,R,000000, ,.00,0,*
100019,20071220,43.00,R,000000, ,.00,0,*
100020,06/21/20,41.00,R,000000, ,.00,0,*
100021,20050820,35.00,R,000000, ,.00,0,*
100022,06/21/20,15.00,R,000000, ,.00,0,*
100023,20090620,9.00,R,000000, ,.00,0,*
100024,06/21/20,56.00,R,000000, ,.00,0,*
100025,06/21/20,28.00,R,000000, ,.00,0,*
100026,06/21/20,19.00,R,000000, ,.00,0,*
100028,06/21/20,.00,R,000000, ,.00,0,*
100028,20000020,.00,R,000000, ,.00,0,*
100029,06/21/20,.00,R,000000, ,.00,0,*
100030,20041020,29.00,R,000000, ,.00,0,*
100031,06/21/20,162.00,R,000000, ,.00,0,*
100032,06/21/20,52.00,R,000000, ,.00,0,*
100033,20051220,44.00,R,000000, ,.00,0,*
100034,20050120,31.00,R,000000, ,.00,0,*
100035,06/21/20,24.00,R,000000, ,.00,0,*
100036,20000020,.00,R,000000, ,.00,0,*
100037,06/21/20,33.00,R,000000, ,.00,0,*
100039,06/21/20,80.00,R,000000, ,.00,0,*
100040,20060120,41.00,R,000000, ,.00,0,*
100041,06/21/20,456.00,R,000000, ,.00,0,*
100043,20060320,62.00,R,000000, ,.00,0,*
100044,20060720,15.00,R,000000, ,.00,0,*
100045,20080120,12.00,R,000000, ,.00,0,*
100046,20080120,57.00,R,000000, ,.00,0,*
100047,20080120,48.00,R,000000, ,.00,0,*
100048,06/21/20,32.00,R,000000, ,.00,0,*
100049,06/21/20,.00,R,000000, ,.00,0,*
100049,20000020,.00,R,000000, ,.00,0,*
100050,20041220,.00,R,000000, ,.00,0,*
100051,06/21/20,95.00,R,000000, ,.00,0,*
100052,06/21/20,37.00,R,000000, ,.00,0,*
100053,20051220,24.00,R,000000, ,.00,0,*
100054,20090520,38.00,R,000000, ,.00,0,*
100055,06/21/20,.00,R,000000, ,.00,0,*
100056,06/21/20,5.00,R,000000, ,.00,0,*
100057,06/21/20,28.00,R,000000, ,.00,0,*
100057,20000020,28.00,R,000000, ,.00,0,*
100058,06/21/20,31.00,R,000000, ,.00,0,*
100059,06/21/20,42.00,R,000000, ,.00,0,*
100060,06/21/20,45.00,R,000000, ,.00,0,*
100061,20060720,.00,R,000000, ,.00,0,*
100062,20090720,35.00,R,000000, ,.00,0,*
100063,06/21/20,90.00,R,000000, ,.00,0,*
100064,06/21/20,27.00,R,000000, ,.00,0,*
100065,06/21/20,10.00,R,000000, ,.00,0,*
100066,06/21/20,1.00,R,000000, ,.00,0,*
100067,06/21/20,17.00,R,000000, ,.00,0,*
100068,06/21/20,68.00,R,000000, ,.00,0,*
100069,06/21/20,54.00,R,000000, ,.00,0,*
100070,06/21/20,140.00,R,000000, ,.00,0,*
100071,20060120,62.00,R,000000, ,.00,0,*
100072,20110420,7.00,R,000000, ,.00,0,*
100073,06/21/20,74.00,R,000000, ,.00,0,*
100075,06/21/20,80.00,R,000000, ,.00,0,*
100076,06/21/20,37.00,R,000000, ,.00,0,*
100077,06/21/20,10.00,R,000000, ,.00,0,*
100078,20101220,43.00,R,000000, ,.00,0,*
100079,06/21/20,46.00,R,000000, ,.00,0,*
100080,06/21/20,58.00,R,000000, ,.00,0,*
100080,20000020,58.00,R,000000, ,.00,0,*
100081,06/21/20,8.00,R,000000, ,.00,0,*
100082,06/21/20,13.00,R,000000, ,.00,0,*
100083,06/21/20,6.00,R,000000, ,.00,0,*
100084,20091020,57.00,R,000000, ,.00,0,*
100086,20071020,8.00,R,000000, ,.00,0,*
100087,06/21/20,12.00,R,000000, ,.00,0,*
100088,06/21/20,.00,R,000000, ,.00,0,*
100089,06/21/20,94.00,R,000000, ,.00,0,*
100091,06/21/20,.00,R,000000, ,.00,0,*
100092,20050820,4.00,R,000000, ,.00,0,*
100093,06/21/20,68.00,R,000000, ,.00,0,*
100094,06/21/20,49.00,R,000000, ,.00,0,*
100095,06/21/20,24.00,R,000000, ,.00,0,*
100096,06/21/20,42.00,R,000000, ,.00,0,*
100098,06/21/20,87.00,R,000000, ,.00,0,*
100099,06/21/20,40.00,R,000000, ,.00,0,*
100100,06/21/20,21.00,R,000000, ,.00,0,*
100101,06/21/20,74.00,R,000000, ,.00,0,*
100102,06/21/20,36.00,R,000000, ,.00,0,*
100103,20101220,41.00,R,000000, ,.00,0,*
100104,20060220,101.00,R,000000, ,.00,0,*
100105,06/21/20,41.00,R,000000, ,.00,0,*
100106,06/21/20,43.00,R,000000, ,.00,0,*
100107,06/21/20,67.00,R,000000, ,.00,0,*
100108,06/21/20,66.00,R,000000, ,.00,0,*
100109,06/21/20,84.00,R,000000, ,.00,0,*
100110,06/21/20,14.00,R,000000, ,.00,0,*
100111,06/21/20,44.00,R,000000, ,.00,0,*
100112,06/21/20,16.00,R,000000, ,.00,0,*
100113,06/21/20,41.00,R,000000, ,.00,0,*
100114,06/21/20,44.00,R,000000, ,.00,0,*
100115,06/21/20,1.00,R,000000, ,.00,0,*
100116,20050620,19.00,R,000000, ,.00,0,*
100117,06/21/20,441.00,R,000000, ,.00,0,*
100118,06/21/20,21.00,R,000000, ,.00,0,*
100119,20100920,22.00,R,000000, ,.00,0,*
100120,06/21/20,12.00,R,000000, ,.00,0,*
100121,06/21/20,102.00,R,000000, ,.00,0,*
100122,06/21/20,62.00,R,000000, ,.00,0,*
100123,06/21/20,241.00,R,000000, ,.00,0,*
100124,20090620,24.00,R,000000, ,.00,0,*
100125,06/21/20,166.00,R,000000, ,.00,0,*
100126,06/21/20,18.00,R,000000, ,.00,0,*
100127,06/21/20,.00,R,000000, ,.00,0,*
100128,06/21/20,34.00,R,000000, ,.00,0,*
100129,20050620,26.00,R,000000, ,.00,0,*
100130,06/21/20,.00,R,000000, ,.00,0,*
100131,06/21/20,219.00,R,000000, ,.00,0,*
100132,06/21/20,20.00,R,000000, ,.00,0,*
100133,20050220,70.00,R,000000, ,.00,0,*
100134,06/21/20,73.00,R,000000, ,.00,0,*
100135,20070920,107.00,R,000000, ,.00,0,*
100136,06/21/20,.00,R,000000, ,.00,0,*
100137,20050320,20.00,R,000000, ,.00,0,*
100138,20050120,94.00,R,000000, ,.00,0,*
100140,06/21/20,12.00,R,000000, ,.00,0,*
100142,20101020,5.00,R,000000, ,.00,0,*
100143,20091020,11.00,R,000000, ,.00,0,*
100145,20091020,1.00,R,000000, ,.00,0,*
100146,20101020,4.00,R,000000, ,.00,0,*
100147,20100820,81.00,R,000000, ,.00,0,*
100148,20061220,38.00,R,000000, ,.00,0,*
100149,06/21/20,54.00,R,000000, ,.00,0,*
100150,06/21/20,84.00,R,000000, ,.00,0,*
100151,06/21/20,17.00,R,000000, ,.00,0,*
100152,06/21/20,46.00,R,000000, ,.00,0,*
100154,06/21/20,169.00,R,000000, ,.00,0,*
100155,06/21/20,.00,R,000000, ,.00,0,*
100156,20060720,20.00,R,000000, ,.00,0,*
100157,06/21/20,8.00,R,000000, ,.00,0,*
100158,06/21/20,16.00,R,000000, ,.00,0,*
100159,06/21/20,39.00,R,000000, ,.00,0,*
100160,06/21/20,60.00,R,000000, ,.00,0,*
100161,06/21/20,37.00,R,000000, ,.00,0,*
100162,20060920,35.00,R,000000, ,.00,0,*
100163,06/21/20,36.00,R,000000, ,.00,0,*
100164,06/21/20,.00,R,000000, ,.00,0,*
100165,20041220,87.00,R,000000, ,.00,0,*
100166,06/21/20,48.00,R,000000, ,.00,0,*
100167,06/21/20,80.00,R,000000, ,.00,0,*
100168,06/21/20,24.00,R,000000, ,.00,0,*
100169,20100220,42.00,R,000000, ,.00,0,*
100170,06/21/20,1.00,R,000000, ,.00,0,*
100170,20050120,3.00,R,000000, ,.00,0,*
100172,20050120,64.00,R,000000, ,.00,0,*
100173,20061020,21.00,R,000000, ,.00,0,*
100174,06/21/20,42.00,R,000000, ,.00,0,*
100175,20051220,66.00,R,000000, ,.00,0,*
100176,06/21/20,49.00,R,000000, ,.00,0,*
100177,06/21/20,45.00,R,000000, ,.00,0,*
100178,20041220,37.00,R,000000, ,.00,0,*
100179,19490120,15.00,R,000000, ,.00,0,*
100180,06/21/20,81.00,R,000000, ,.00,0,*
100181,20080520,13.00,R,000000, ,.00,0,*
100182,20060720,24.00,R,000000, ,.00,0,*
100183,06/21/20,102.00,R,000000, ,.00,0,*
100185,06/21/20,20.00,R,000000, ,.00,0,*
100186,06/21/20,141.00,R,000000, ,.00,0,*
100187,06/21/20,26.00,R,000000, ,.00,0,*
100188,06/21/20,40.00,R,000000, ,.00,0,*
100189,06/21/20,99.00,R,000000, ,.00,0,*
100190,06/21/20,56.00,R,000000, ,.00,0,*
100191,06/21/20,92.00,R,000000, ,.00,0,*
100192,06/21/20,99.00,R,000000, ,.00,0,*
100193,06/21/20,22.00,R,000000, ,.00,0,*
100194,06/21/20,18.00,R,000000, ,.00,0,*
100195,06/21/20,64.00,R,000000, ,.00,0,*
100196,06/21/20,29.00,R,000000, ,.00,0,*
100197,06/21/20,45.00,R,000000, ,.00,0,*
100198,20100920,35.00,R,000000, ,.00,0,*
100199,06/21/20,101.00,R,000000, ,.00,0,*
100201,06/21/20,14.00,R,000000, ,.00,0,*
100202,06/21/20,43.00,R,000000, ,.00,0,*
100203,20050920,16.00,R,000000, ,.00,0,*
100204,06/21/20,5.00,R,000000, ,.00,0,*
100205,20060620,7.00,R,000000, ,.00,0,*
100206,06/21/20,14.00,R,000000, ,.00,0,*
100207,06/21/20,33.00,R,000000, ,.00,0,*
100208,06/21/20,.00,R,000000, ,.00,0,*
100209,06/21/20,97.00,R,000000, ,.00,0,*
100210,06/21/20,44.00,R,000000, ,.00,0,*
100211,20100820,6.00,R,000000, ,.00,0,*
100212,06/21/20,56.00,R,000000, ,.00,0,*
100213,20080920,18.00,R,000000, ,.00,0,*
100214,20100320,22.00,R,000000, ,.00,0,*
100215,06/21/20,26.00,R,000000, ,.00,0,*
100216,20090620,47.00,R,000000, ,.00,0,*
100217,06/21/20,65.00,R,000000, ,.00,0,*
100218,06/21/20,27.00,R,000000, ,.00,0,*
100219,20070320,35.00,R,000000, ,.00,0,*
100220,06/21/20,233.00,R,000000, ,.00,0,*
100222,06/21/20,27.00,R,000000, ,.00,0,*
100223,06/21/20,74.00,R,000000, ,.00,0,*
100224,06/21/20,66.00,R,000000, ,.00,0,*
100225,06/21/20,55.00,R,000000, ,.00,0,*
100226,20090520,26.00,R,000000, ,.00,0,*
100227,06/21/20,14.00,R,000000, ,.00,0,*
100228,06/21/20,.00,R,000000, ,.00,0,*
100229,20050720,44.00,R,000000, ,.00,0,*
100230,06/21/20,76.00,R,000000, ,.00,0,*
100231,06/21/20,384.00,R,000000, ,.00,0,*
100232,20100520,68.00,R,000000, ,.00,0,*
100233,06/21/20,29.00,R,000000, ,.00,0,*
100234,06/21/20,12.00,R,000000, ,.00,0,*
100235,06/21/20,464.00,R,000000, ,.00,0,*
100236,06/21/20,.00,R,000000, ,.00,0,*
100237,06/21/20,11.00,R,000000, ,.00,0,*
100238,06/21/20,14.00,R,000000, ,.00,0,*
100239,06/21/20,16.00,R,000000, ,.00,0,*
100241,06/21/20,.00,R,000000, ,.00,0,*
100242,06/21/20,29.00,R,000000, ,.00,0,*
100243,06/21/20,44.00,R,000000, ,.00,0,*
100244,20071020,127.00,R,000000, ,.00,0,*
100245,20060720,9.00,R,000000, ,.00,0,*
100246,06/21/20,13.00,R,000000, ,.00,0,*
100247,06/21/20,.00,R,000000, ,.00,0,*
100248,06/21/20,31.00,R,000000, ,.00,0,*
100250,06/21/20,12.00,R,000000, ,.00,0,*
100252,06/21/20,471.00,R,000000, ,.00,0,*
100253,06/21/20,74.00,R,000000, ,.00,0,*
100254,06/21/20,41.00,R,000000, ,.00,0,*
100255,20101220,26.00,R,000000, ,.00,0,*
100256,06/21/20,51.00,R,000000, ,.00,0,*
100257,06/21/20,.00,R,000000, ,.00,0,*
100258,06/21/20,84.00,R,000000, ,.00,0,*
100259,06/21/20,50.00,R,000000, ,.00,0,*
100260,06/21/20,12.00,R,000000, ,.00,0,*
100261,06/21/20,12.00,R,000000, ,.00,0,*
100262,20041220,91.00,R,000000, ,.00,0,*
100263,06/21/20,132.00,R,000000, ,.00,0,*
100264,06/21/20,.00,R,000000, ,.00,0,*
100265,06/21/20,40.00,R,000000, ,.00,0,*
100266,06/21/20,33.00,R,000000, ,.00,0,*
100267,06/21/20,8.00,R,000000, ,.00,0,*
100268,06/21/20,12.00,R,000000, ,.00,0,*
100269,06/21/20,23.00,R,000000, ,.00,0,*
100270,06/21/20,21.00,R,000000, ,.00,0,*
100271,06/21/20,53.00,R,000000, ,.00,0,*
100272,20100220,50.00,R,000000, ,.00,0,*
100273,06/21/20,75.00,R,000000, ,.00,0,*
100274,20050720,34.00,R,000000, ,.00,0,*
100275,06/21/20,1.00,R,000000, ,.00,0,*
100276,06/21/20,26.00,R,000000, ,.00,0,*
100277,06/21/20,14.00,R,000000, ,.00,0,*
100278,06/21/20,73.00,R,000000, ,.00,0,*
100279,06/21/20,80.00,R,000000, ,.00,0,*
100281,06/21/20,74.00,R,000000, ,.00,0,*
100282,20051020,.00,R,000000, ,.00,0,*
100283,20051020,102.00,R,000000, ,.00,0,*
100284,20051020,.00,R,000000, ,.00,0,*
100285,06/21/20,45.00,R,000000, ,.00,0,*
100286,06/21/20,47.00,R,000000, ,.00,0,*
100287,20050220,1.00,R,000000, ,.00,0,*
100288,20071020,.00,R,000000, ,.00,0,*
100289,20100120,4.00,R,000000, ,.00,0,*
100290,06/21/20,44.00,R,000000, ,.00,0,*
100291,06/21/20,90.00,R,000000, ,.00,0,*
100292,06/21/20,26.00,R,000000, ,.00,0,*
100293,20000020,209.00,R,000000, ,.00,0,*
100295,06/21/20,.00,R,000000, ,.00,0,*
100296,06/21/20,3.00,R,000000, ,.00,0,*
100297,20070920,32.00,R,000000, ,.00,0,*
100298,20091120,24.00,R,000000, ,.00,0,*
100299,06/21/20,23.00,R,000000, ,.00,0,*
100300,06/21/20,25.00,R,000000, ,.00,0,*
100301,06/21/20,40.00,R,000000, ,.00,0,*
100302,20080620,48.00,R,000000, ,.00,0,*
100303,06/21/20,53.00,R,000000, ,.00,0,*
100304,06/21/20,72.00,R,000000, ,.00,0,*
100305,20070320,47.00,R,000000, ,.00,0,*
100306,06/21/20,22.00,R,000000, ,.00,0,*
100307,06/21/20,14.00,R,000000, ,.00,0,*
100308,06/21/20,60.00,R,000000, ,.00,0,*
100309,06/21/20,44.00,R,000000, ,.00,0,*
100310,06/21/20,25.00,R,000000, ,.00,0,*
100311,06/21/20,178.00,R,000000, ,.00,0,*
100312,20100420,37.00,R,000000, ,.00,0,*
100313,20110420,53.00,R,000000, ,.00,0,*
100314,06/21/20,11.00,R,000000, ,.00,0,*
100315,20060020,74.00,R,000000, ,.00,0,*
100316,06/21/20,58.00,R,000000, ,.00,0,*
100317,20041020,32.00,R,000000, ,.00,0,*
100318,20070320,15.00,R,000000, ,.00,0,*
100319,20050920,86.00,R,000000, ,.00,0,*
100320,06/21/20,84.00,R,000000, ,.00,0,*
100320,20000020,84.00,R,000000, ,.00,0,*
100321,06/21/20,9.00,R,000000, ,.00,0,*
100322,06/21/20,.00,R,000000, ,.00,0,*
100323,20051120,30.00,R,000000, ,.00,0,*
100324,06/21/20,7.00,R,000000, ,.00,0,*
100325,06/21/20,53.00,R,000000, ,.00,0,*
100326,06/21/20,67.00,R,000000, ,.00,0,*
100328,06/21/20,13.00,R,000000, ,.00,0,*
100328,20000020,13.00,R,000000, ,.00,0,*
100329,06/21/20,40.00,R,000000, ,.00,0,*
100330,06/21/20,7.00,R,000000, ,.00,0,*
100331,06/21/20,39.00,R,000000, ,.00,0,*
100332,06/21/20,37.00,R,000000, ,.00,0,*
100333,06/21/20,22.00,R,000000, ,.00,0,*
100334,06/21/20,35.00,R,000000, ,.00,0,*
100335,20060120,23.00,R,000000, ,.00,0,*
100336,06/21/20,41.00,R,000000, ,.00,0,*
100338,06/21/20,48.00,R,000000, ,.00,0,*
100339,06/21/20,56.00,R,000000, ,.00,0,*
100340,06/21/20,17.00,R,000000, ,.00,0,*
100341,06/21/20,5.00,R,000000, ,.00,0,*
100342,06/21/20,40.00,R,000000, ,.00,0,*
100343,06/21/20,267.00,R,000000, ,.00,0,*
100344,20100620,4.00,R,000000, ,.00,0,*
100345,20000020,6.00,R,000000, ,.00,0,*
100346,06/21/20,48.00,R,000000, ,.00,0,*
100347,20140920,74.00,R,000000, ,.00,0,*
100348,06/21/20,.00,R,000000, ,.00,0,*
135,20070220,21.00,R,000000, ,.00,0,*
