PARCEL_ID,STREET,Current_Connection,COMACT,Wtr_Supp,,,,,,Oct_Cost_Num,April_Cost,Calc_Tot_Ann_Cost,Tot_Ann_Cost_num
3870007,SCHOOL STREET,TOASewer,RES,WELL,,,,,, $257.50 , $257.50 , $515.00 , $515.00 
5820020,ARBOR ROAD,TOASewer,RES,WELL,,,,,, $257.50 , $257.50 , $515.00 , $515.00 
1200014,AVONSIDE,TOASewer,RES,WELL,,,,,, $257.50 , $257.50 , $515.00 , $515.00 
1200023,AVONSIDE,TOASewer,RES,WELL,,,,,, $257.50 , $257.50 , $515.00 , $515.00 
1200024,AVONSIDE,TOASewer,RES,WELL,,,,,, $257.50 , $257.50 , $515.00 , $515.00 
1200025,AVONSIDE,TOASewer,RES,WELL,,,,,, $257.50 , $257.50 , $515.00 , $515.00 
1320009,BIRCH ROAD,TOASewer,RES,WELL,,,,,, $257.50 , $257.50 , $515.00 , $515.00 
1320015,BIRCH ROAD,TOASewer,RES,WELL,,,,,, $257.50 , $257.50 , $515.00 , $515.00 
1320019,BIRCH ROAD,TOASewer,RES,WELL,,,,,, $257.50 , $257.50 , $515.00 , $515.00 
1320024,BIRCH ROAD,TOASewer,RES,WELL,,,,,, $257.50 , $257.50 , $515.00 , $515.00 
1320025,BIRCH ROAD,TOASewer,RES,WELL,,,,,, $257.50 , $257.50 , $515.00 , $515.00 
1360019,BLUEBERRY LANE,TOASewer,RES,WELL,,,,,, $257.50 , $257.50 , $515.00 , $515.00 
1360027,BLUEBERRY LANE,TOASewer,RES,WELL,,,,,, $257.50 , $257.50 , $515.00 , $515.00 
1360028,BLUEBERRY LANE,TOASewer,RES,WELL,,,,,, $257.50 , $257.50 , $515.00 , $515.00 
1360034,BLUEBERRY LANE,TOASewer,RES,WELL,,,,,, $257.50 , $257.50 , $515.00 , $515.00 
1410021,BREEZY KNOLL,TOASewer,RES,WELL,,,,,, $257.50 , $257.50 , $515.00 , $515.00 
1410030,BREEZY KNOLL,TOASewer,RES,WELL,,,,,, $257.50 , $257.50 , $515.00 , $515.00 
1410042,BREEZY KNOLL,TOASewer,RES,WELL,,,,,, $257.50 , $257.50 , $515.00 , $515.00 
1410056,BREEZY KNOLL,TOASewer,RES,WELL,,,,,, $257.50 , $257.50 , $515.00 , $515.00 
1770028,CHEVAS ROAD,TOASewer,RES,WELL,,,,,, $257.50 , $257.50 , $515.00 , $515.00 
1770094,CHEVAS ROAD,TOASewer,RES,WELL,,,,,, $257.50 , $257.50 , $515.00 , $515.00 
1770100,CHEVAS ROAD,TOASewer,RES,WELL,,,,,, $257.50 , $257.50 , $515.00 , $515.00 
1770106,CHEVAS ROAD,TOASewer,RES,WELL,,,,,, $257.50 , $257.50 , $515.00 , $515.00 
1770111,CHEVAS ROAD,TOASewer,RES,WELL,,,,,, $257.50 , $257.50 , $515.00 , $515.00 
1770112,CHEVAS ROAD,TOASewer,RES,WELL,,,,,, $257.50 , $257.50 , $515.00 , $515.00 
1780055,CHIDSEY ROAD,TOASewer,RES,WELL,,,,,, $257.50 , $257.50 , $515.00 , $515.00 
1810002,CLIFF DRIVE,TOASewer,RES,WELL,,,,,, $257.50 , $257.50 , $515.00 , $515.00 
1810004,CLIFF DRIVE,TOASewer,RES,WELL,,,,,, $257.50 , $257.50 , $515.00 , $515.00 
1810005,CLIFF DRIVE,TOASewer,RES,WELL,,,,,, $257.50 , $257.50 , $515.00 , $515.00 
1810006,CLIFF DRIVE,TOASewer,RES,WELL,,,,,, $257.50 , $257.50 , $515.00 , $515.00 
1810010,CLIFF DRIVE,TOASewer,RES,WELL,,,,,, $257.50 , $257.50 , $515.00 , $515.00 
1810013,CLIFF DRIVE,TOASewer,RES,WELL,,,,,, $257.50 , $257.50 , $515.00 , $515.00 
1810014,CLIFF DRIVE,TOASewer,RES,WELL,,,,,, $257.50 , $257.50 , $515.00 , $515.00 
1810017,CLIFF DRIVE,TOASewer,RES,WELL,,,,,, $257.50 , $257.50 , $515.00 , $515.00 
1810019,CLIFF DRIVE,TOASewer,RES,WELL,,,,,, $257.50 , $257.50 , $515.00 , $515.00 
1810020,CLIFF DRIVE,TOASewer,RES,WELL,,,,,, $257.50 , $257.50 , $515.00 , $515.00 
1810021,CLIFF DRIVE,TOASewer,RES,WELL,,,,,, $257.50 , $257.50 , $515.00 , $515.00 
1810024,CLIFF DRIVE,TOASewer,RES,WELL,,,,,, $257.50 , $257.50 , $515.00 , $515.00 
1810026,CLIFF DRIVE,TOASewer,RES,WELL,,,,,, $257.50 , $257.50 , $515.00 , $515.00 
1810034,CLIFF DRIVE,TOASewer,RES,WELL,,,,,, $257.50 , $257.50 , $515.00 , $515.00 
1810035,CLIFF DRIVE,TOASewer,RES,WELL,,,,,, $257.50 , $257.50 , $515.00 , $515.00 
1810037,CLIFF DRIVE,TOASewer,RES,WELL,,,,,, $257.50 , $257.50 , $515.00 , $515.00 
1810038,CLIFF DRIVE,TOASewer,RES,WELL,,,,,, $257.50 , $257.50 , $515.00 , $515.00 
1810040,CLIFF DRIVE,TOASewer,RES,WELL,,,,,, $257.50 , $257.50 , $515.00 , $515.00 
1810046,CLIFF DRIVE,TOASewer,RES,WELL,,,,,, $257.50 , $257.50 , $515.00 , $515.00 
1810050,CLIFF DRIVE,TOASewer,RES,WELL,,,,,, $257.50 , $257.50 , $515.00 , $515.00 
1830065,CLIMAX ROAD,TOASewer,RES,WELL,,,,,, $257.50 , $257.50 , $515.00 , $515.00 
1830086,CLIMAX ROAD,TOASewer,RES,WELL,,,,,, $257.50 , $257.50 , $515.00 , $515.00 
1830100,CLIMAX ROAD,TOASewer,RES,WELL,,,,,, $257.50 , $257.50 , $515.00 , $515.00 
1830112,CLIMAX ROAD,TOASewer,RES,WELL,,,,,, $257.50 , $257.50 , $515.00 , $515.00 
1830120,CLIMAX ROAD,TOASewer,RES,WELL,,,,,, $257.50 , $257.50 , $515.00 , $515.00 
1830131,CLIMAX ROAD,TOASewer,RES,WELL,,,,,, $257.50 , $257.50 , $515.00 , $515.00 
1830136,CLIMAX ROAD,TOASewer,RES,WELL,,,,,, $257.50 , $257.50 , $515.00 , $515.00 
1940076,COUNTRY CLUB ROAD,TOASewer,RES,WELL,,,,,, $257.50 , $257.50 , $515.00 , $515.00 
1940087,COUNTRY CLUB ROAD,TOASewer,RES,WELL,,,,,, $257.50 , $257.50 , $515.00 , $515.00 
1940088,COUNTRY CLUB ROAD,TOASewer,RES,WELL,,,,,, $257.50 , $257.50 , $515.00 , $515.00 
1940095,COUNTRY CLUB ROAD,TOASewer,RES,WELL,,,,,, $257.50 , $257.50 , $515.00 , $515.00 
1940096,COUNTRY CLUB ROAD,TOASewer,RES,WELL,,,,,, $257.50 , $257.50 , $515.00 , $515.00 
1940098,COUNTRY CLUB ROAD,TOASewer,RES,WELL,,,,,, $257.50 , $257.50 , $515.00 , $515.00 
1940100,COUNTRY CLUB ROAD,TOASewer,RES,WELL,,,,,, $257.50 , $257.50 , $515.00 , $515.00 
1940102,COUNTRY CLUB ROAD,TOASewer,RES,WELL,,,,,, $257.50 , $257.50 , $515.00 , $515.00 
1940109,COUNTRY CLUB ROAD,TOASewer,RES,WELL,,,,,, $257.50 , $257.50 , $515.00 , $515.00 
1940119,COUNTRY CLUB ROAD,TOASewer,RES,WELL,,,,,, $257.50 , $257.50 , $515.00 , $515.00 
1940125,COUNTRY CLUB ROAD,TOASewer,RES,WELL,,,,,, $257.50 , $257.50 , $515.00 , $515.00 
1940131,COUNTRY CLUB ROAD,TOASewer,RES,WELL,,,,,, $257.50 , $257.50 , $515.00 , $515.00 
1940137,COUNTRY CLUB ROAD,TOASewer,RES,WELL,,,,,, $257.50 , $257.50 , $515.00 , $515.00 
1940142,COUNTRY CLUB ROAD,TOASewer,RES,WELL,,,,,, $257.50 , $257.50 , $515.00 , $515.00 
1940454,COUNTRY CLUB ROAD,TOASewer,RES,WELL,,,,,, $257.50 , $257.50 , $515.00 , $515.00 
1940560,COUNTRY CLUB ROAD,TOASewer,RES,WELL,,,,,, $257.50 , $257.50 , $515.00 , $515.00 
1940648,COUNTRY CLUB ROAD,TOASewer,RES,WELL,,,,,, $257.50 , $257.50 , $515.00 , $515.00 
2010005,CURTIS LANE,TOASewer,RES,WELL,,,,,, $257.50 , $257.50 , $515.00 , $515.00 
2080038,DEER RUN,TOASewer,RES,WELL,,,,,, $257.50 , $257.50 , $515.00 , $515.00 
2080088,DEER RUN,TOASewer,RES,WELL,,,,,, $257.50 , $257.50 , $515.00 , $515.00 
2120004,DOGWOOD ROAD,TOASewer,RES,WELL,,,,,, $257.50 , $257.50 , $515.00 , $515.00 
2190045,EDWARDS ROAD,TOASewer,RES,WELL,,,,,, $257.50 , $257.50 , $515.00 , $515.00 
2220010,EVERGREEN ROAD,TOASewer,RES,WELL,,,,,, $257.50 , $257.50 , $515.00 , $515.00 
5040005,FAR HILLS DRIVE,TOASewer,RES,WELL,,,,,, $257.50 , $257.50 , $515.00 , $515.00 
5040006,FAR HILLS DRIVE,TOASewer,RES,WELL,,,,,, $257.50 , $257.50 , $515.00 , $515.00 
5040018,FAR HILLS DRIVE,TOASewer,RES,WELL,,,,,, $257.50 , $257.50 , $515.00 , $515.00 
5040023,FAR HILLS DRIVE,TOASewer,RES,WELL,,,,,, $257.50 , $257.50 , $515.00 , $515.00 
5040026,FAR HILLS DRIVE,TOASewer,RES,WELL,,,,,, $257.50 , $257.50 , $515.00 , $515.00 
5040029,FAR HILLS DRIVE,TOASewer,RES,WELL,,,,,, $257.50 , $257.50 , $515.00 , $515.00 
5040034,FAR HILLS DRIVE,TOASewer,RES,WELL,,,,,, $257.50 , $257.50 , $515.00 , $515.00 
5040035,FAR HILLS DRIVE,TOASewer,RES,WELL,,,,,, $257.50 , $257.50 , $515.00 , $515.00 
5040042,FAR HILLS DRIVE,TOASewer,RES,WELL,,,,,, $257.50 , $257.50 , $515.00 , $515.00 
5040043,FAR HILLS DRIVE,TOASewer,RES,WELL,,,,,, $257.50 , $257.50 , $515.00 , $515.00 
5040050,FAR HILLS DRIVE,TOASewer,RES,WELL,,,,,, $257.50 , $257.50 , $515.00 , $515.00 
5040051,FAR HILLS DRIVE,TOASewer,RES,WELL,,,,,, $257.50 , $257.50 , $515.00 , $515.00 
5040056,FAR HILLS DRIVE,TOASewer,RES,WELL,,,,,, $257.50 , $257.50 , $515.00 , $515.00 
5040057,FAR HILLS DRIVE,TOASewer,RES,WELL,,,,,, $257.50 , $257.50 , $515.00 , $515.00 
5040064,FAR HILLS DRIVE,TOASewer,RES,WELL,,,,,, $257.50 , $257.50 , $515.00 , $515.00 
5040065,FAR HILLS DRIVE,TOASewer,RES,WELL,,,,,, $257.50 , $257.50 , $515.00 , $515.00 
5040070,FAR HILLS DRIVE,TOASewer,RES,WELL,,,,,, $257.50 , $257.50 , $515.00 , $515.00 
5040071,FAR HILLS DRIVE,TOASewer,RES,WELL,,,,,, $257.50 , $257.50 , $515.00 , $515.00 
5040076,FAR HILLS DRIVE,TOASewer,RES,WELL,,,,,, $257.50 , $257.50 , $515.00 , $515.00 
5040077,FAR HILLS DRIVE,TOASewer,RES,WELL,,,,,, $257.50 , $257.50 , $515.00 , $515.00 
2250020,FERNWOOD ROAD,TOASewer,RES,WELL,,,,,, $257.50 , $257.50 , $515.00 , $515.00 
2250040,FERNWOOD ROAD,TOASewer,RES,WELL,,,,,, $257.50 , $257.50 , $515.00 , $515.00 
2290028,FOOTHILLS DRIVE,TOASewer,RES,WELL,,,,,, $257.50 , $257.50 , $515.00 , $515.00 
2290035,FOOTHILLS DRIVE,TOASewer,RES,WELL,,,,,, $257.50 , $257.50 , $515.00 , $515.00 
2290043,FOOTHILLS DRIVE,TOASewer,RES,WELL,,,,,, $257.50 , $257.50 , $515.00 , $515.00 
2350006,FRANCIS STREET,TOASewer,RES,WELL,,,,,, $257.50 , $257.50 , $515.00 , $515.00 
2350012,FRANCIS STREET,TOASewer,RES,WELL,,,,,, $257.50 , $257.50 , $515.00 , $515.00 
2350013,FRANCIS STREET,TOASewer,RES,WELL,,,,,, $257.50 , $257.50 , $515.00 , $515.00 
2350015,FRANCIS STREET,TOASewer,RES,WELL,,,,,, $257.50 , $257.50 , $515.00 , $515.00 
2350016,FRANCIS STREET,TOASewer,RES,WELL,,,,,, $257.50 , $257.50 , $515.00 , $515.00 
2350020,FRANCIS STREET,TOASewer,RES,WELL,,,,,, $257.50 , $257.50 , $515.00 , $515.00 
2350021,FRANCIS STREET,TOASewer,RES,WELL,,,,,, $257.50 , $257.50 , $515.00 , $515.00 
2350024,FRANCIS STREET,TOASewer,RES,WELL,,,,,, $257.50 , $257.50 , $515.00 , $515.00 
2350028,FRANCIS STREET,TOASewer,RES,WELL,,,,,, $257.50 , $257.50 , $515.00 , $515.00 
2430005,GOODWILL TRAIL,TOASewer,RES,WELL,,,,,, $257.50 , $257.50 , $515.00 , $515.00 
2430007,GOODWILL TRAIL,TOASewer,RES,WELL,,,,,, $257.50 , $257.50 , $515.00 , $515.00 
2430008,GOODWILL TRAIL,TOASewer,RES,WELL,,,,,, $257.50 , $257.50 , $515.00 , $515.00 
2430009,GOODWILL TRAIL,TOASewer,RES,WELL,,,,,, $257.50 , $257.50 , $515.00 , $515.00 
2430014,GOODWILL TRAIL,TOASewer,RES,WELL,,,,,, $257.50 , $257.50 , $515.00 , $515.00 
2430015,GOODWILL TRAIL,TOASewer,RES,WELL,,,,,, $257.50 , $257.50 , $515.00 , $515.00 
2430017,GOODWILL TRAIL,TOASewer,RES,WELL,,,,,, $257.50 , $257.50 , $515.00 , $515.00 
2430018,GOODWILL TRAIL,TOASewer,RES,WELL,,,,,, $257.50 , $257.50 , $515.00 , $515.00 
2470009,GREENWOOD DRIVE,TOASewer,RES,WELL,,,,,, $257.50 , $257.50 , $515.00 , $515.00 
2740003,HILLCREST DRIVE,TOASewer,RES,WELL,,,,,, $257.50 , $257.50 , $515.00 , $515.00 
2740004,HILLCREST DRIVE,TOASewer,RES,WELL,,,,,, $257.50 , $257.50 , $515.00 , $515.00 
2740007,HILLCREST DRIVE,TOASewer,RES,WELL,,,,,, $257.50 , $257.50 , $515.00 , $515.00 
2740009,HILLCREST DRIVE,TOASewer,RES,WELL,,,,,, $257.50 , $257.50 , $515.00 , $515.00 
2740010,HILLCREST DRIVE,TOASewer,RES,WELL,,,,,, $257.50 , $257.50 , $515.00 , $515.00 
2740011,HILLCREST DRIVE,TOASewer,RES,WELL,,,,,, $257.50 , $257.50 , $515.00 , $515.00 
2740014,HILLCREST DRIVE,TOASewer,RES,WELL,,,,,, $257.50 , $257.50 , $515.00 , $515.00 
2740015,HILLCREST DRIVE,TOASewer,RES,WELL,,,,,, $257.50 , $257.50 , $515.00 , $515.00 
2740016,HILLCREST DRIVE,TOASewer,RES,WELL,,,,,, $257.50 , $257.50 , $515.00 , $515.00 
2740017,HILLCREST DRIVE,TOASewer,RES,WELL,,,,,, $257.50 , $257.50 , $515.00 , $515.00 
2740018,HILLCREST DRIVE,TOASewer,RES,WELL,,,,,, $257.50 , $257.50 , $515.00 , $515.00 
2740019,HILLCREST DRIVE,TOASewer,RES,WELL,,,,,, $257.50 , $257.50 , $515.00 , $515.00 
2740023,HILLCREST DRIVE,TOASewer,RES,WELL,,,,,, $257.50 , $257.50 , $515.00 , $515.00 
2740025,HILLCREST DRIVE,TOASewer,RES,WELL,,,,,, $257.50 , $257.50 , $515.00 , $515.00 
2810084,HUCKLEBERRY HILL RD,TOASewer,RES,WELL,,,,,, $257.50 , $257.50 , $515.00 , $515.00 
2810237,HUCKLEBERRY HILL RD,TOASewer,RES,WELL,,,,,, $257.50 , $257.50 , $515.00 , $515.00 
2810253,HUCKLEBERRY HILL RD,TOASewer,RES,WELL,,,,,, $257.50 , $257.50 , $515.00 , $515.00 
2810254,HUCKLEBERRY HILL RD,TOASewer,RES,WELL,,,,,, $257.50 , $257.50 , $515.00 , $515.00 
2810291,HUCKLEBERRY HILL RD,TOASewer,RES,WELL,,,,,, $257.50 , $257.50 , $515.00 , $515.00 
2810354,HUCKLEBERRY HILL RD,TOASewer,RES,WELL,,,,,, $257.50 , $257.50 , $515.00 , $515.00 
2810380,HUCKLEBERRY HILL RD,TOASewer,RES,WELL,,,,,, $257.50 , $257.50 , $515.00 , $515.00 
2810384,HUCKLEBERRY HILL RD,TOASewer,RES,WELL,,,,,, $257.50 , $257.50 , $515.00 , $515.00 
2810406,HUCKLEBERRY HILL RD,TOASewer,RES,WELL,,,,,, $257.50 , $257.50 , $515.00 , $515.00 
2820003,HUNTER ROAD,TOASewer,RES,WELL,,,,,, $257.50 , $257.50 , $515.00 , $515.00 
2820008,HUNTER ROAD,TOASewer,RES,WELL,,,,,, $257.50 , $257.50 , $515.00 , $515.00 
2820009,HUNTER ROAD,TOASewer,RES,WELL,,,,,, $257.50 , $257.50 , $515.00 , $515.00 
2820016,HUNTER ROAD,TOASewer,RES,WELL,,,,,, $257.50 , $257.50 , $515.00 , $515.00 
2820017,HUNTER ROAD,TOASewer,RES,WELL,,,,,, $257.50 , $257.50 , $515.00 , $515.00 
2820027,HUNTER ROAD,TOASewer,RES,WELL,,,,,, $257.50 , $257.50 , $515.00 , $515.00 
2820033,HUNTER ROAD,TOASewer,RES,WELL,,,,,, $257.50 , $257.50 , $515.00 , $515.00 
2820039,HUNTER ROAD,TOASewer,RES,WELL,,,,,, $257.50 , $257.50 , $515.00 , $515.00 
2850049,HURDLE FENCE DRIVE,TOASewer,RES,WELL,,,,,, $257.50 , $257.50 , $515.00 , $515.00 
2980019,LAKEVIEW BOULEVARD,TOASewer,RES,WELL,,,,,, $257.50 , $257.50 , $515.00 , $515.00 
2980045,LAKEVIEW BOULEVARD,TOASewer,RES,WELL,,,,,, $257.50 , $257.50 , $515.00 , $515.00 
2980051,LAKEVIEW BOULEVARD,TOASewer,RES,WELL,,,,,, $257.50 , $257.50 , $515.00 , $515.00 
3000010,LAWRENCE AVENUE,TOASewer,RES,WELL,,,,,, $257.50 , $257.50 , $515.00 , $515.00 
3000011,LAWRENCE AVENUE,TOASewer,RES,WELL,,,,,, $257.50 , $257.50 , $515.00 , $515.00 
3000014,LAWRENCE AVENUE,TOASewer,RES,WELL,,,,,, $257.50 , $257.50 , $515.00 , $515.00 
3000015,LAWRENCE AVENUE,TOASewer,RES,WELL,,,,,, $257.50 , $257.50 , $515.00 , $515.00 
3000018,LAWRENCE AVENUE,TOASewer,RES,WELL,,,,,, $257.50 , $257.50 , $515.00 , $515.00 
3000019,LAWRENCE AVENUE,TOASewer,RES,WELL,,,,,, $257.50 , $257.50 , $515.00 , $515.00 
3000024,LAWRENCE AVENUE,TOASewer,RES,WELL,,,,,, $257.50 , $257.50 , $515.00 , $515.00 
3000031,LAWRENCE AVENUE,TOASewer,RES,WELL,,,,,, $257.50 , $257.50 , $515.00 , $515.00 
3000032,LAWRENCE AVENUE,TOASewer,RES,WELL,,,,,, $257.50 , $257.50 , $515.00 , $515.00 
3000035,LAWRENCE AVENUE,TOASewer,RES,WELL,,,,,, $257.50 , $257.50 , $515.00 , $515.00 
3000036,LAWRENCE AVENUE,TOASewer,RES,WELL,,,,,, $257.50 , $257.50 , $515.00 , $515.00 
3000038,LAWRENCE AVENUE,TOASewer,RES,WELL,,,,,, $257.50 , $257.50 , $515.00 , $515.00 
3000040,LAWRENCE AVENUE,TOASewer,RES,WELL,,,,,, $257.50 , $257.50 , $515.00 , $515.00 
3000043,LAWRENCE AVENUE,TOASewer,RES,WELL,,,,,, $257.50 , $257.50 , $515.00 , $515.00 
3000044,LAWRENCE AVENUE,TOASewer,RES,WELL,,,,,, $257.50 , $257.50 , $515.00 , $515.00 
3000048,LAWRENCE AVENUE,TOASewer,RES,WELL,,,,,, $257.50 , $257.50 , $515.00 , $515.00 
3000056,LAWRENCE AVENUE,TOASewer,RES,WELL,,,,,, $257.50 , $257.50 , $515.00 , $515.00 
3000057,LAWRENCE AVENUE,TOASewer,RES,WELL,,,,,, $257.50 , $257.50 , $515.00 , $515.00 
3000060,LAWRENCE AVENUE,TOASewer,RES,WELL,,,,,, $257.50 , $257.50 , $515.00 , $515.00 
3000061,LAWRENCE AVENUE,TOASewer,RES,WELL,,,,,, $257.50 , $257.50 , $515.00 , $515.00 
3000064,LAWRENCE AVENUE,TOASewer,RES,WELL,,,,,, $257.50 , $257.50 , $515.00 , $515.00 
3000072,LAWRENCE AVENUE,TOASewer,RES,WELL,,,,,, $257.50 , $257.50 , $515.00 , $515.00 
3000073,LAWRENCE AVENUE,TOASewer,RES,WELL,,,,,, $257.50 , $257.50 , $515.00 , $515.00 
3000078,LAWRENCE AVENUE,TOASewer,RES,WELL,,,,,, $257.50 , $257.50 , $515.00 , $515.00 
3000082,LAWRENCE AVENUE,TOASewer,RES,WELL,,,,,, $257.50 , $257.50 , $515.00 , $515.00 
3000083,LAWRENCE AVENUE,TOASewer,RES,WELL,,,,,, $257.50 , $257.50 , $515.00 , $515.00 
3000086,LAWRENCE AVENUE,TOASewer,RES,WELL,,,,,, $257.50 , $257.50 , $515.00 , $515.00 
3000095,LAWRENCE AVENUE,TOASewer,RES,WELL,,,,,, $257.50 , $257.50 , $515.00 , $515.00 
3000076,LAWRENCE AVENUE,TOASewer,RES,WELL,,,,,, $257.50 , $257.50 , $515.00 , $515.00 
3060492,LOVELY STREET,TOASewer,RES,WELL,,,,,, $257.50 , $257.50 , $515.00 , $515.00 
3060500,LOVELY STREET,TOASewer,RES,WELL,,,,,, $257.50 , $257.50 , $515.00 , $515.00 
3060619,LOVELY STREET,TOASewer,RES,WELL,,,,,, $257.50 , $257.50 , $515.00 , $515.00 
3190009,MORAVIA ROAD,TOASewer,RES,WELL,,,,,, $257.50 , $257.50 , $515.00 , $515.00 
3190018,MORAVIA ROAD,TOASewer,RES,WELL,,,,,, $257.50 , $257.50 , $515.00 , $515.00 
3190019,MORAVIA ROAD,TOASewer,RES,WELL,,,,,, $257.50 , $257.50 , $515.00 , $515.00 
3190024,MORAVIA ROAD,TOASewer,RES,WELL,,,,,, $257.50 , $257.50 , $515.00 , $515.00 
3190027,MORAVIA ROAD,TOASewer,RES,WELL,,,,,, $257.50 , $257.50 , $515.00 , $515.00 
3190034,MORAVIA ROAD,TOASewer,RES,WELL,,,,,, $257.50 , $257.50 , $515.00 , $515.00 
3190035,MORAVIA ROAD,TOASewer,RES,WELL,,,,,, $257.50 , $257.50 , $515.00 , $515.00 
3190042,MORAVIA ROAD,TOASewer,RES,WELL,,,,,, $257.50 , $257.50 , $515.00 , $515.00 
3190054,MORAVIA ROAD,TOASewer,RES,WELL,,,,,, $257.50 , $257.50 , $515.00 , $515.00 
3190055,MORAVIA ROAD,TOASewer,RES,WELL,,,,,, $257.50 , $257.50 , $515.00 , $515.00 
3190062,MORAVIA ROAD,TOASewer,RES,WELL,,,,,, $257.50 , $257.50 , $515.00 , $515.00 
3190070,MORAVIA ROAD,TOASewer,RES,WELL,,,,,, $257.50 , $257.50 , $515.00 , $515.00 
3190071,MORAVIA ROAD,TOASewer,RES,WELL,,,,,, $257.50 , $257.50 , $515.00 , $515.00 
3190079,MORAVIA ROAD,TOASewer,RES,WELL,,,,,, $257.50 , $257.50 , $515.00 , $515.00 
3190080,MORAVIA ROAD,TOASewer,RES,WELL,,,,,, $257.50 , $257.50 , $515.00 , $515.00 
3190087,MORAVIA ROAD,TOASewer,RES,WELL,,,,,, $257.50 , $257.50 , $515.00 , $515.00 
3190095,MORAVIA ROAD,TOASewer,RES,WELL,,,,,, $257.50 , $257.50 , $515.00 , $515.00 
3190103,MORAVIA ROAD,TOASewer,RES,WELL,,,,,, $257.50 , $257.50 , $515.00 , $515.00 
3190104,MORAVIA ROAD,TOASewer,RES,WELL,,,,,, $257.50 , $257.50 , $515.00 , $515.00 
3190111,MORAVIA ROAD,TOASewer,RES,WELL,,,,,, $257.50 , $257.50 , $515.00 , $515.00 
3190112,MORAVIA ROAD,TOASewer,RES,WELL,,,,,, $257.50 , $257.50 , $515.00 , $515.00 
3220037,MOUNTAIN ESTATES DR,TOASewer,RES,WELL,,,,,, $257.50 , $257.50 , $515.00 , $515.00 
3220047,MOUNTAIN ESTATES DR,TOASewer,RES,WELL,,,,,, $257.50 , $257.50 , $515.00 , $515.00 
3220056,MOUNTAIN ESTATES DR,TOASewer,RES,WELL,,,,,, $257.50 , $257.50 , $515.00 , $515.00 
3240001,MOUNTAIN LEDGE ROAD,TOASewer,RES,WELL,,,,,, $257.50 , $257.50 , $515.00 , $515.00 
3240002,MOUNTAIN LEDGE ROAD,TOASewer,RES,WELL,,,,,, $257.50 , $257.50 , $515.00 , $515.00 
3240003,MOUNTAIN LEDGE ROAD,TOASewer,RES,WELL,,,,,, $257.50 , $257.50 , $515.00 , $515.00 
3240004,MOUNTAIN LEDGE ROAD,TOASewer,RES,WELL,,,,,, $257.50 , $257.50 , $515.00 , $515.00 
3240010,MOUNTAIN LEDGE ROAD,TOASewer,RES,WELL,,,,,, $257.50 , $257.50 , $515.00 , $515.00 
3240011,MOUNTAIN LEDGE ROAD,TOASewer,RES,WELL,,,,,, $257.50 , $257.50 , $515.00 , $515.00 
3240013,MOUNTAIN LEDGE ROAD,TOASewer,RES,WELL,,,,,, $257.50 , $257.50 , $515.00 , $515.00 
3240017,MOUNTAIN LEDGE ROAD,TOASewer,RES,WELL,,,,,, $257.50 , $257.50 , $515.00 , $515.00 
3240020,MOUNTAIN LEDGE ROAD,TOASewer,RES,WELL,,,,,, $257.50 , $257.50 , $515.00 , $515.00 
3250054,MOUNTAIN VIEW AVENUE,TOASewer,RES,WELL,,,,,, $257.50 , $257.50 , $515.00 , $515.00 
3360281,OLD FARMS ROAD,TOASewer,RES,WELL,,,,,, $257.50 , $257.50 , $515.00 , $515.00 
3370010,OLD KINGS ROAD,TOASewer,RES,WELL,,,,,, $257.50 , $257.50 , $515.00 , $515.00 
3370016,OLD KINGS ROAD,TOASewer,RES,WELL,,,,,, $257.50 , $257.50 , $515.00 , $515.00 
3370017,OLD KINGS ROAD,TOASewer,RES,WELL,,,,,, $257.50 , $257.50 , $515.00 , $515.00 
3370023,OLD KINGS ROAD,TOASewer,RES,WELL,,,,,, $257.50 , $257.50 , $515.00 , $515.00 
3370026,OLD KINGS ROAD,TOASewer,RES,WELL,,,,,, $257.50 , $257.50 , $515.00 , $515.00 
3370029,OLD KINGS ROAD,TOASewer,RES,WELL,,,,,, $257.50 , $257.50 , $515.00 , $515.00 
3370035,OLD KINGS ROAD,TOASewer,RES,WELL,,,,,, $257.50 , $257.50 , $515.00 , $515.00 
3370036,OLD KINGS ROAD,TOASewer,RES,WELL,,,,,, $257.50 , $257.50 , $515.00 , $515.00 
3370039,OLD KINGS ROAD,TOASewer,RES,WELL,,,,,, $257.50 , $257.50 , $515.00 , $515.00 
3370045,OLD KINGS ROAD,TOASewer,RES,WELL,,,,,, $257.50 , $257.50 , $515.00 , $515.00 
3370046,OLD KINGS ROAD,TOASewer,RES,WELL,,,,,, $257.50 , $257.50 , $515.00 , $515.00 
3410037,OLD WHEELER LANE,TOASewer,RES,WELL,,,,,, $257.50 , $257.50 , $515.00 , $515.00 
3410043,OLD WHEELER LANE,TOASewer,RES,WELL,,,,,, $257.50 , $257.50 , $515.00 , $515.00 
3410055,OLD WHEELER LANE,TOASewer,RES,WELL,,,,,, $257.50 , $257.50 , $515.00 , $515.00 
3410063,OLD WHEELER LANE,TOASewer,RES,WELL,,,,,, $257.50 , $257.50 , $515.00 , $515.00 
3480030,PAPERCHASE TRAIL,TOASewer,RES,WELL,,,,,, $257.50 , $257.50 , $515.00 , $515.00 
3540023,PHEASANT RUN,TOASewer,RES,WELL,,,,,, $257.50 , $257.50 , $515.00 , $515.00 
3540039,PHEASANT RUN,TOASewer,RES,WELL,,,,,, $257.50 , $257.50 , $515.00 , $515.00 
3540040,PHEASANT RUN,TOASewer,RES,WELL,,,,,, $257.50 , $257.50 , $515.00 , $515.00 
3540052,PHEASANT RUN,TOASewer,RES,WELL,,,,,, $257.50 , $257.50 , $515.00 , $515.00 
3570001,PINE TRAIL,TOASewer,RES,WELL,,,,,, $257.50 , $257.50 , $515.00 , $515.00 
3570002,PINE TRAIL,TOASewer,RES,WELL,,,,,, $257.50 , $257.50 , $515.00 , $515.00 
3570004,PINE TRAIL,TOASewer,RES,WELL,,,,,, $257.50 , $257.50 , $515.00 , $515.00 
3570005,PINE TRAIL,TOASewer,RES,WELL,,,,,, $257.50 , $257.50 , $515.00 , $515.00 
3570006,PINE TRAIL,TOASewer,RES,WELL,,,,,, $257.50 , $257.50 , $515.00 , $515.00 
3570008,PINE TRAIL,TOASewer,RES,WELL,,,,,, $257.50 , $257.50 , $515.00 , $515.00 
3570010,PINE TRAIL,TOASewer,RES,WELL,,,,,, $257.50 , $257.50 , $515.00 , $515.00 
3570011,PINE TRAIL,TOASewer,RES,WELL,,,,,, $257.50 , $257.50 , $515.00 , $515.00 
3570012,PINE TRAIL,TOASewer,RES,WELL,,,,,, $257.50 , $257.50 , $515.00 , $515.00 
3570014,PINE TRAIL,TOASewer,RES,WELL,,,,,, $257.50 , $257.50 , $515.00 , $515.00 
3570016,PINE TRAIL,TOASewer,RES,WELL,,,,,, $257.50 , $257.50 , $515.00 , $515.00 
3570017,PINE TRAIL,TOASewer,RES,WELL,,,,,, $257.50 , $257.50 , $515.00 , $515.00 
3570018,PINE TRAIL,TOASewer,RES,WELL,,,,,, $257.50 , $257.50 , $515.00 , $515.00 
3660006,RAYMOND ROAD,TOASewer,RES,WELL,,,,,, $257.50 , $257.50 , $515.00 , $515.00 
3720015,RIDGE CREST LANE,TOASewer,RES,WELL,,,,,, $257.50 , $257.50 , $515.00 , $515.00 
3760008,ROARING BROOK ROAD,TOASewer,RES,WELL,,,,,, $257.50 , $257.50 , $515.00 , $515.00 
3760012,ROARING BROOK ROAD,TOASewer,RES,WELL,,,,,, $257.50 , $257.50 , $515.00 , $515.00 
3760018,ROARING BROOK ROAD,TOASewer,RES,WELL,,,,,, $257.50 , $257.50 , $515.00 , $515.00 
3760023,ROARING BROOK ROAD,TOASewer,RES,WELL,,,,,, $257.50 , $257.50 , $515.00 , $515.00 
3760030,ROARING BROOK ROAD,TOASewer,RES,WELL,,,,,, $257.50 , $257.50 , $515.00 , $515.00 
3760031,ROARING BROOK ROAD,TOASewer,RES,WELL,,,,,, $257.50 , $257.50 , $515.00 , $515.00 
3790015,RUSSELL ROAD,TOASewer,RES,WELL,,,,,, $257.50 , $257.50 , $515.00 , $515.00 
3870025,SCHOOL STREET,TOASewer,RES,WELL,,,,,, $257.50 , $257.50 , $515.00 , $515.00 
3870031,SCHOOL STREET,TOASewer,RES,WELL,,,,,, $257.50 , $257.50 , $515.00 , $515.00 
3890074,SECRET LAKE ROAD,TOASewer,RES,WELL,,,,,, $257.50 , $257.50 , $515.00 , $515.00 
3890079,SECRET LAKE ROAD,TOASewer,RES,WELL,,,,,, $257.50 , $257.50 , $515.00 , $515.00 
3890080,SECRET LAKE ROAD,TOASewer,RES,WELL,,,,,, $257.50 , $257.50 , $515.00 , $515.00 
3890082,SECRET LAKE ROAD,TOASewer,RES,WELL,,,,,, $257.50 , $257.50 , $515.00 , $515.00 
3890083,SECRET LAKE ROAD,TOASewer,RES,WELL,,,,,, $257.50 , $257.50 , $515.00 , $515.00 
3890084,SECRET LAKE ROAD,TOASewer,RES,WELL,,,,,, $257.50 , $257.50 , $515.00 , $515.00 
3890085,SECRET LAKE ROAD,TOASewer,RES,WELL,,,,,, $257.50 , $257.50 , $515.00 , $515.00 
3890087,SECRET LAKE ROAD,TOASewer,RES,WELL,,,,,, $257.50 , $257.50 , $515.00 , $515.00 
3890089,SECRET LAKE ROAD,TOASewer,RES,WELL,,,,,, $257.50 , $257.50 , $515.00 , $515.00 
3890090,SECRET LAKE ROAD,TOASewer,RES,WELL,,,,,, $257.50 , $257.50 , $515.00 , $515.00 
3890091,SECRET LAKE ROAD,TOASewer,RES,WELL,,,,,, $257.50 , $257.50 , $515.00 , $515.00 
3890094,SECRET LAKE ROAD,TOASewer,RES,WELL,,,,,, $257.50 , $257.50 , $515.00 , $515.00 
3890095,SECRET LAKE ROAD,TOASewer,RES,WELL,,,,,, $257.50 , $257.50 , $515.00 , $515.00 
3890096,SECRET LAKE ROAD,TOASewer,RES,WELL,,,,,, $257.50 , $257.50 , $515.00 , $515.00 
3890097,SECRET LAKE ROAD,TOASewer,RES,WELL,,,,,, $257.50 , $257.50 , $515.00 , $515.00 
3890099,SECRET LAKE ROAD,TOASewer,RES,WELL,,,,,, $257.50 , $257.50 , $515.00 , $515.00 
3890100,SECRET LAKE ROAD,TOASewer,RES,WELL,,,,,, $257.50 , $257.50 , $515.00 , $515.00 
3890101,SECRET LAKE ROAD,TOASewer,RES,WELL,,,,,, $257.50 , $257.50 , $515.00 , $515.00 
3890103,SECRET LAKE ROAD,TOASewer,RES,WELL,,,,,, $257.50 , $257.50 , $515.00 , $515.00 
3890111,SECRET LAKE ROAD,TOASewer,RES,WELL,,,,,, $257.50 , $257.50 , $515.00 , $515.00 
3890116,SECRET LAKE ROAD,TOASewer,RES,WELL,,,,,, $257.50 , $257.50 , $515.00 , $515.00 
3890117,SECRET LAKE ROAD,TOASewer,RES,WELL,,,,,, $257.50 , $257.50 , $515.00 , $515.00 
3890118,SECRET LAKE ROAD,TOASewer,RES,WELL,,,,,, $257.50 , $257.50 , $515.00 , $515.00 
3890123,SECRET LAKE ROAD,TOASewer,RES,WELL,,,,,, $257.50 , $257.50 , $515.00 , $515.00 
3890125,SECRET LAKE ROAD,TOASewer,RES,WELL,,,,,, $257.50 , $257.50 , $515.00 , $515.00 
3890127,SECRET LAKE ROAD,TOASewer,RES,WELL,,,,,, $257.50 , $257.50 , $515.00 , $515.00 
3890129,SECRET LAKE ROAD,TOASewer,RES,WELL,,,,,, $257.50 , $257.50 , $515.00 , $515.00 
3890130,SECRET LAKE ROAD,TOASewer,RES,WELL,,,,,, $257.50 , $257.50 , $515.00 , $515.00 
3890135,SECRET LAKE ROAD,TOASewer,RES,WELL,,,,,, $257.50 , $257.50 , $515.00 , $515.00 
3890139,SECRET LAKE ROAD,TOASewer,RES,WELL,,,,,, $257.50 , $257.50 , $515.00 , $515.00 
3890140,SECRET LAKE ROAD,TOASewer,RES,WELL,,,,,, $257.50 , $257.50 , $515.00 , $515.00 
3890143,SECRET LAKE ROAD,TOASewer,RES,WELL,,,,,, $257.50 , $257.50 , $515.00 , $515.00 
3890144,SECRET LAKE ROAD,TOASewer,RES,WELL,,,,,, $257.50 , $257.50 , $515.00 , $515.00 
3890148,SECRET LAKE ROAD,TOASewer,RES,WELL,,,,,, $257.50 , $257.50 , $515.00 , $515.00 
3890149,SECRET LAKE ROAD,TOASewer,RES,WELL,,,,,, $257.50 , $257.50 , $515.00 , $515.00 
3890151,SECRET LAKE ROAD,TOASewer,RES,WELL,,,,,, $257.50 , $257.50 , $515.00 , $515.00 
3890154,SECRET LAKE ROAD,TOASewer,RES,WELL,,,,,, $257.50 , $257.50 , $515.00 , $515.00 
3890157,SECRET LAKE ROAD,TOASewer,RES,WELL,,,,,, $257.50 , $257.50 , $515.00 , $515.00 
3890161,SECRET LAKE ROAD,TOASewer,RES,WELL,,,,,, $257.50 , $257.50 , $515.00 , $515.00 
3890164,SECRET LAKE ROAD,TOASewer,RES,WELL,,,,,, $257.50 , $257.50 , $515.00 , $515.00 
3890181,SECRET LAKE ROAD,TOASewer,RES,WELL,,,,,, $257.50 , $257.50 , $515.00 , $515.00 
3910004,SEDGEWOOD ROAD,TOASewer,RES,WELL,,,,,, $257.50 , $257.50 , $515.00 , $515.00 
3910010,SEDGEWOOD ROAD,TOASewer,RES,WELL,,,,,, $257.50 , $257.50 , $515.00 , $515.00 
3910016,SEDGEWOOD ROAD,TOASewer,RES,WELL,,,,,, $257.50 , $257.50 , $515.00 , $515.00 
3970163,SIMSBURY ROAD,TOASewer,RES,WELL,,,,,, $257.50 , $257.50 , $515.00 , $515.00 
4110033,STONY CORNERS,TOASewer,RES,WELL,,,,,, $257.50 , $257.50 , $515.00 , $515.00 
4110039,STONY CORNERS,TOASewer,RES,WELL,,,,,, $257.50 , $257.50 , $515.00 , $515.00 
4110076,STONY CORNERS,TOASewer,RES,WELL,,,,,, $257.50 , $257.50 , $515.00 , $515.00 
4120062,STONY CORNERS CIRCLE,TOASewer,RES,WELL,,,,,, $257.50 , $257.50 , $515.00 , $515.00 
4210002,SUNSET TRAIL,TOASewer,RES,WELL,,,,,, $257.50 , $257.50 , $515.00 , $515.00 
4210003,SUNSET TRAIL,TOASewer,RES,WELL,,,,,, $257.50 , $257.50 , $515.00 , $515.00 
4210008,SUNSET TRAIL,TOASewer,RES,WELL,,,,,, $257.50 , $257.50 , $515.00 , $515.00 
4210011,SUNSET TRAIL,TOASewer,RES,WELL,,,,,, $257.50 , $257.50 , $515.00 , $515.00 
4210016,SUNSET TRAIL,TOASewer,RES,WELL,,,,,, $257.50 , $257.50 , $515.00 , $515.00 
4210017,SUNSET TRAIL,TOASewer,RES,WELL,,,,,, $257.50 , $257.50 , $515.00 , $515.00 
4210018,SUNSET TRAIL,TOASewer,RES,WELL,,,,,, $257.50 , $257.50 , $515.00 , $515.00 
4210021,SUNSET TRAIL,TOASewer,RES,WELL,,,,,, $257.50 , $257.50 , $515.00 , $515.00 
4210022,SUNSET TRAIL,TOASewer,RES,WELL,,,,,, $257.50 , $257.50 , $515.00 , $515.00 
4210023,SUNSET TRAIL,TOASewer,RES,WELL,,,,,, $257.50 , $257.50 , $515.00 , $515.00 
4210024,SUNSET TRAIL,TOASewer,RES,WELL,,,,,, $257.50 , $257.50 , $515.00 , $515.00 
4210026,SUNSET TRAIL,TOASewer,RES,WELL,,,,,, $257.50 , $257.50 , $515.00 , $515.00 
4210032,SUNSET TRAIL,TOASewer,RES,WELL,,,,,, $257.50 , $257.50 , $515.00 , $515.00 
4280009,TALL WOOD HOLLOW,TOASewer,RES,WELL,,,,,, $257.50 , $257.50 , $515.00 , $515.00 
4290152,TAMARA CIRCLE,TOASewer,RES,WELL,,,,,, $257.50 , $257.50 , $515.00 , $515.00 
4420074,VERMILLION DRIVE,TOASewer,RES,WELL,,,,,, $257.50 , $257.50 , $515.00 , $515.00 
4420082,VERMILLION DRIVE,TOASewer,RES,WELL,,,,,, $257.50 , $257.50 , $515.00 , $515.00 
4420094,VERMILLION DRIVE,TOASewer,RES,WELL,,,,,, $257.50 , $257.50 , $515.00 , $515.00 
4420101,VERMILLION DRIVE,TOASewer,RES,WELL,,,,,, $257.50 , $257.50 , $515.00 , $515.00 
4420108,VERMILLION DRIVE,TOASewer,RES,WELL,,,,,, $257.50 , $257.50 , $515.00 , $515.00 
4420125,VERMILLION DRIVE,TOASewer,RES,WELL,,,,,, $257.50 , $257.50 , $515.00 , $515.00 
4430027,VERVILLE ROAD,TOASewer,RES,WELL,,,,,, $257.50 , $257.50 , $515.00 , $515.00 
4430034,VERVILLE ROAD,TOASewer,RES,WELL,,,,,, $257.50 , $257.50 , $515.00 , $515.00 
4430035,VERVILLE ROAD,TOASewer,RES,WELL,,,,,, $257.50 , $257.50 , $515.00 , $515.00 
4430038,VERVILLE ROAD,TOASewer,RES,WELL,,,,,, $257.50 , $257.50 , $515.00 , $515.00 
4430056,VERVILLE ROAD,TOASewer,RES,WELL,,,,,, $257.50 , $257.50 , $515.00 , $515.00 
4450010,VOLOVSKI ROAD,TOASewer,RES,WELL,,,,,, $257.50 , $257.50 , $515.00 , $515.00 
4450011,VOLOVSKI ROAD,TOASewer,RES,WELL,,,,,, $257.50 , $257.50 , $515.00 , $515.00 
4450018,VOLOVSKI ROAD,TOASewer,RES,WELL,,,,,, $257.50 , $257.50 , $515.00 , $515.00 
4500045,WATERVILLE ROAD,TOASewer,RES,WELL,,,,,, $257.50 , $257.50 , $515.00 , $515.00 
4500172,WATERVILLE ROAD,TOASewer,RES,WELL,,,,,, $257.50 , $257.50 , $515.00 , $515.00 
4500184,WATERVILLE ROAD,TOASewer,RES,WELL,,,,,, $257.50 , $257.50 , $515.00 , $515.00 
4500200,WATERVILLE ROAD,TOASewer,RES,WELL,,,,,, $257.50 , $257.50 , $515.00 , $515.00 
4510006,WELLINGTON HGTS ROAD,TOASewer,RES,WELL,,,,,, $257.50 , $257.50 , $515.00 , $515.00 
4510011,WELLINGTON HGTS ROAD,TOASewer,RES,WELL,,,,,, $257.50 , $257.50 , $515.00 , $515.00 
4510014,WELLINGTON HGTS ROAD,TOASewer,RES,WELL,,,,,, $257.50 , $257.50 , $515.00 , $515.00 
4510021,WELLINGTON HGTS ROAD,TOASewer,RES,WELL,,,,,, $257.50 , $257.50 , $515.00 , $515.00 
4510024,WELLINGTON HGTS ROAD,TOASewer,RES,WELL,,,,,, $257.50 , $257.50 , $515.00 , $515.00 
4510029,WELLINGTON HGTS ROAD,TOASewer,RES,WELL,,,,,, $257.50 , $257.50 , $515.00 , $515.00 
4510032,WELLINGTON HGTS ROAD,TOASewer,RES,WELL,,,,,, $257.50 , $257.50 , $515.00 , $515.00 
4510037,WELLINGTON HGTS ROAD,TOASewer,RES,WELL,,,,,, $257.50 , $257.50 , $515.00 , $515.00 
4510139,WELLINGTON HGTS ROAD,TOASewer,RES,WELL,,,,,, $257.50 , $257.50 , $515.00 , $515.00 
4510040,WELLINGTON HGTS ROAD,TOASewer,RES,WELL,,,,,, $257.50 , $257.50 , $515.00 , $515.00 
4510045,WELLINGTON HGTS ROAD,TOASewer,RES,WELL,,,,,, $257.50 , $257.50 , $515.00 , $515.00 
4510053,WELLINGTON HGTS ROAD,TOASewer,RES,WELL,,,,,, $257.50 , $257.50 , $515.00 , $515.00 
4510060,WELLINGTON HGTS ROAD,TOASewer,RES,WELL,,,,,, $257.50 , $257.50 , $515.00 , $515.00 
4510068,WELLINGTON HGTS ROAD,TOASewer,RES,WELL,,,,,, $257.50 , $257.50 , $515.00 , $515.00 
4510071,WELLINGTON HGTS ROAD,TOASewer,RES,WELL,,,,,, $257.50 , $257.50 , $515.00 , $515.00 
4510076,WELLINGTON HGTS ROAD,TOASewer,RES,WELL,,,,,, $257.50 , $257.50 , $515.00 , $515.00 
4510077,WELLINGTON HGTS ROAD,TOASewer,RES,WELL,,,,,, $257.50 , $257.50 , $515.00 , $515.00 
4510084,WELLINGTON HGTS ROAD,TOASewer,RES,WELL,,,,,, $257.50 , $257.50 , $515.00 , $515.00 
4510085,WELLINGTON HGTS ROAD,TOASewer,RES,WELL,,,,,, $257.50 , $257.50 , $515.00 , $515.00 
4510093,WELLINGTON HGTS ROAD,TOASewer,RES,WELL,,,,,, $257.50 , $257.50 , $515.00 , $515.00 
4510100,WELLINGTON HGTS ROAD,TOASewer,RES,WELL,,,,,, $257.50 , $257.50 , $515.00 , $515.00 
4510101,WELLINGTON HGTS ROAD,TOASewer,RES,WELL,,,,,, $257.50 , $257.50 , $515.00 , $515.00 
4510108,WELLINGTON HGTS ROAD,TOASewer,RES,WELL,,,,,, $257.50 , $257.50 , $515.00 , $515.00 
4510116,WELLINGTON HGTS ROAD,TOASewer,RES,WELL,,,,,, $257.50 , $257.50 , $515.00 , $515.00 
4510124,WELLINGTON HGTS ROAD,TOASewer,RES,WELL,,,,,, $257.50 , $257.50 , $515.00 , $515.00 
4510125,WELLINGTON HGTS ROAD,TOASewer,RES,WELL,,,,,, $257.50 , $257.50 , $515.00 , $515.00 
4520455,WEST AVON ROAD,TOASewer,RES,WELL,,,,,, $257.50 , $257.50 , $515.00 , $515.00 
4540160,WEST MAIN STREET,TOASewer,RES,WELL,,,,,, $257.50 , $257.50 , $515.00 , $515.00 
4580011,WHEELER ROAD,TOASewer,RES,WELL,,,,,, $257.50 , $257.50 , $515.00 , $515.00 
4580021,WHEELER ROAD,TOASewer,RES,WELL,,,,,, $257.50 , $257.50 , $515.00 , $515.00 
4580027,WHEELER ROAD,TOASewer,RES,WELL,,,,,, $257.50 , $257.50 , $515.00 , $515.00 
4580055,WHEELER ROAD,TOASewer,RES,WELL,,,,,, $257.50 , $257.50 , $515.00 , $515.00 
4580063,WHEELER ROAD,TOASewer,RES,WELL,,,,,, $257.50 , $257.50 , $515.00 , $515.00 
4580071,WHEELER ROAD,TOASewer,RES,WELL,,,,,, $257.50 , $257.50 , $515.00 , $515.00 
4580081,WHEELER ROAD,TOASewer,RES,WELL,,,,,, $257.50 , $257.50 , $515.00 , $515.00 
4580087,WHEELER ROAD,TOASewer,RES,WELL,,,,,, $257.50 , $257.50 , $515.00 , $515.00 
4580095,WHEELER ROAD,TOASewer,RES,WELL,,,,,, $257.50 , $257.50 , $515.00 , $515.00 
4580103,WHEELER ROAD,TOASewer,RES,WELL,,,,,, $257.50 , $257.50 , $515.00 , $515.00 
4600016,WHITE BIRCH LANE,TOASewer,RES,WELL,,,,,, $257.50 , $257.50 , $515.00 , $515.00 
4640025,WINDING LANE,TOASewer,RES,WELL,,,,,, $257.50 , $257.50 , $515.00 , $515.00 
4640036,WINDING LANE,TOASewer,RES,WELL,,,,,, $257.50 , $257.50 , $515.00 , $515.00 
4640071,WINDING LANE,TOASewer,RES,WELL,,,,,, $257.50 , $257.50 , $515.00 , $515.00 
4640078,WINDING LANE,TOASewer,RES,WELL,,,,,, $257.50 , $257.50 , $515.00 , $515.00 
4640091,WINDING LANE,TOASewer,RES,WELL,,,,,, $257.50 , $257.50 , $515.00 , $515.00 
4640097,WINDING LANE,TOASewer,RES,WELL,,,,,, $257.50 , $257.50 , $515.00 , $515.00 
4640098,WINDING LANE,TOASewer,RES,WELL,,,,,, $257.50 , $257.50 , $515.00 , $515.00 
4640105,WINDING LANE,TOASewer,RES,WELL,,,,,, $257.50 , $257.50 , $515.00 , $515.00 
4640111,WINDING LANE,TOASewer,RES,WELL,,,,,, $257.50 , $257.50 , $515.00 , $515.00 
4640120,WINDING LANE,TOASewer,RES,WELL,,,,,, $257.50 , $257.50 , $515.00 , $515.00 
4640128,WINDING LANE,TOASewer,RES,WELL,,,,,, $257.50 , $257.50 , $515.00 , $515.00 
4640135,WINDING LANE,TOASewer,RES,WELL,,,,,, $257.50 , $257.50 , $515.00 , $515.00 
4640140,WINDING LANE,TOASewer,RES,WELL,,,,,, $257.50 , $257.50 , $515.00 , $515.00 
4730123,WRIGHT DRIVE,TOASewer,RES,WELL,,,,,, $257.50 , $257.50 , $515.00 , $515.00 
4730124,WRIGHT DRIVE,TOASewer,RES,WELL,,,,,, $257.50 , $257.50 , $515.00 , $515.00 
4730140,WRIGHT DRIVE,TOASewer,RES,WELL,,,,,, $257.50 , $257.50 , $515.00 , $515.00 
1320001,BIRCH ROAD,TOASewer,RES,WELL,,,,,, $257.50 , $257.50 , $515.00 , $515.00 
3890077,SECRET LAKE ROAD,TOASewer,RES,WELL,,,,,, $257.50 , $257.50 , $515.00 , $515.00 
4430065,VERVILLE ROAD,TOASewer,RES,WELL,,,,,, $257.50 , $257.50 , $515.00 , $515.00 
,,,,,,,,,,,,," $208,575.00 "
