LocationID,InstallationDate,MeterType,MeterSize,Manufacturer,MeterNumber,OutsideReader,TestResult
1,11/24/2004,,5/8,,42802668,Y,
1,3/7/2023,,,,12240870,,
2,4/29/1986,,5/8,,29955182,Y,
3,4/29/1986,,5/8,,29955179,Y,
3,3/7/2023,,5/8,,12240868,Y,
4,10/13/1998,,5/8,,43773009,Y,
5,8/18/1993,,5/8,,32360859,Y,
5,5/31/2005,T10,5/8,,29972863,Y,
5,9/11/2008,,5/8,,42802670,Y,
6,4/29/1986,,5/8,,30299537,Y,
7,4/29/1986,,5/8,,29955186,Y,
8,11/10/1988,,5/8,,32360880,Y,
9,8/1/1990,,5/8,,29955177,Y,
10,4/29/1986,,5/8,,29972669,Y,
11,4/29/1986,,5/8,,29955180,Y,
11,7/28/2023,,5/8,,12240903,Y,
12,3/20/1948,,5/8,,07805623,Y,
12,3/7/2023,,5/8,,12240870,Y,
13,1/8/1985,,5/8,,29577915,Y,
13,7/1/2004,,5/8,,77031350,Y,
13,7/28/2023,,5/8,,12240900,Y,
14,12/9/1994,,5/8,,32360836,Y,
14,7/1/2004,,5/8,,32360777,Y,
14,5/5/2020,,5/8,,10067234,Y,
15,4/16/1987,,5/8,,30299266,Y,
16,4/16/1987,,5/8,,30399265,Y,
16,7/31/2018,,5/8,,36505038,Y,
17,1/7/2002,,5/8,,41525753,Y,
17,4/5/2007,T10,5/8,,32222000,Y,
18,4/29/2002,,5/8,,32400315,Y,
19,3/28/2000,,5/8,,41525734,Y,
20,4/4/2000,,5/8,,41525728,Y,
21,4/9/1986,,5/8,,29955315,Y,
22,4/15/1987,,5/8,,30299262,Y,
23,4/16/1987,,5/8,,30299259,Y,
24,4/4/2002,,5/8,,30299267,Y,
24,12/12/2018,,5/8,,36505037,Y,
25,4/10/1986,,5/8,,29955309,Y,
26,4/9/1986,,5/8,,29965668,Y,
27,4/9/1986,,5/8,,29965676,Y,
27,4/4/2023,,5/8,,12240872,Y,
28,4/10/1986,,5/8,,30299210,Y,
29,3/26/2002,,5/8,,30299249,Y,
29,3/9/2012,,5/8,T10,91124602,Y,
30,7/15/1993,,5/8,,32360863,Y,
30,4/2/2014,,5/8,,93384641,Y,
31,4/10/1986,,5/8,,20299217,Y,
32,4/10/1986,,5/8,,29955310,Y,
32,5/14/2021,,5/8,,10464593,,
33,4/15/1987,,5/8,,30299163,Y,
34,7/22/1988,,5/8,,32222000,Y,
34,4/6/2004,,5/8,,32360831,Y,
35,4/11/1986,,5/8,,30299223,Y,
36,8/9/1989,,5/8,,30299220,Y,
36,4/3/2014,,5/8,,93384641,,
37,10/24/1989,,5/8,,32360784,Y,
38,4/11/1986,,5/8,,29576338,Y,
39,4/11/1986,,5/8,,29955311,Y,
39,4/2/2008,,5/8,,80305284,Y,
40,4/20/1987,,5/8,,30299269,Y,
41,4/11/1986,,5/8,,29955316,Y,
42,4/16/1987,,5/8,,30299261,Y,
42,4/10/2008,,5/8,,84548689,Y,
43,4/27/1987,,5/8,,30299150,Y,
44,4/11/1986,,5/8,,30299224,Y,
44,4/18/2018,,5/8,,36518817,Y,
45,4/15/1987,,5/8,,30299161,Y,
46,11/1/1984,,5/8,,29577923,Y,
47,12/2/1986,,5/8,,29972665,Y,
48,12/8/1984,,5/8,,29972725,Y,
49,9/12/2002,,5/8,,77031346,Y,
50,4/10/1995,,5/8,,29972851,Y,
51,4/3/1986,,5/8,,29576227,Y,
52,4/4/1986,,5/8,,2995334,Y,
52,1/6/2022,,5/8,,11246324,Y,
53,10/3/1947,,5/8,,7653789,Y,
54,4/20/1987,,5/8,,30299277,Y,
54,8/23/2004,,5/8,,77031284,Y,
55,6/7/1948,,5/8,,7805622,Y,
55,12/7/2021,,5/8,,12240889,Y,
56,10/24/1985,,5/8,,29576240,Y,
56,3/11/2004,,5/8 T10,,77172555,Y,
57,11/6/1993,,5/8,,32400312,Y,
58,9/16/2002,,5/8,,77031344,Y,
59,4/20/1987,,5/8,,30299278,Y,
60,1/9/1986,,5/8,,30299543,Y,
60,6/10/2011,,5/8,,88753562,,
61,1/2/1986,,5/8,,29576254,Y,
61,8/31/2005,,5/8,,29972579,Y,
61,12/3/2020,,5/8,,10582859,Y,
62,1/4/1985,,5/8,,29577904,Y,
63,10/14/1997,,5/8,,42802613,Y,
64,5/12/1987,,5/8,,29972579,Y,
64,3/3/2005,T10,5/8,,32360859,Y,
65,1/2/1986,,5/8,,30299205,Y,
66,1/7/1986,,5/8,,30299598,Y,
67,1/2/1986,,5/8,,30299203,Y,
67,8/1/2022,,5/8,,12240878,Y,
68,9/27/2001,,5/8,,74436501,Y,
69,1/2/1986,,5/8,,30299201,Y,
70,11/3/1984,,5/8,,29576190,Y,
71,5/11/1987,,5/8,,29972738,Y,
71,12/12/2018,,5/8,,36505040,Y,
72,5/5/1987,,5/8,,29972925,Y,
73,5/7/1987,,5/8,,29972646,Y,
74,5/18/1987,,5/8,,29972957,Y,
75,11/3/1984,,5/8,,02957787,Y,
76,9/4/2002,,5/8,,76415929,Y,
77,5/7/1987,,5/8,,29972878,Y,
78,11/17/1984,,5/8,,29577866,Y,
79,11/2/1976,,5/8,,01609535,Y,
79,9/7/2007,,5/8,,82829463,Y,
80,11/15/1984,,5/8,,29576177,Y,
81,5/5/1987,,5/8,,29955243,Y,
82,8/21/2002,,5/8,,29972668,Y,
82,9/10/2008,,5/8,,85835023,Y,
83,2/24/1998,,5/8,,43772966,Y,
83,12/16/2021,,5/8,,10582861,Y,
84,3/17/2003,,5/8,,29576230,Y,
85,12/8/1984,,5/8,,29972727,Y,
86,11/15/1984,,5/8,,29576190,Y,
87,11/15/1984,,5/8,,29576185,Y,
88,12/13/1984,,5/8,,29972726,Y,
89,11/15/1984,,5/8,,29576191,Y,
90,12/15/1984,,5/8,,29972724,Y,
91,3/13/2003,,5/8,,32360890,Y,
92,7/1/1996,,5/8,,41525744,Y,
93,11/17/1984,,5/8,,29577870,Y,
94,11/23/1984,,5/8,,29577868,Y,
95,11/24/1984,,5/8,,29576183,Y,
95,7/16/2021,,5/8,,11246232,Y,
96,7/2/1996,,5/8,,41525740,Y,
97,11/23/1984,,5/8,,29576182,Y,
97,10/1/2013,,5/8,,91124673,Y,
98,4/21/2000,,5/8,,41525707,Y,
99,8/23/2002,,5/8,,76477339,Y,
99,11/1/2012,,5/8,,91124675,Y,
100,11/24/1984,,5/8,,29576179,Y,
100,4/26/2018,,5/8,,36518809,Y,
101,12/15/1984,,5/8,,29577921,Y,
102,12/15/1984,,5/8,,29577920,Y,
103,11/3/1984,,5/8,,29576192,Y,
104,11/6/1993,,5/8,,32360760,Y,
105,11/3/1984,,5/8,,29577886,Y,House  destroyed by fire
105,5/9/2009,,5/8,,32360862,,
106,5/5/1987,,5/8,,29955240,Y,
107,12/1/1984,,5/8,,29972655,Y,
108,12/7/1984,,5/8,,29576181,Y,
109,12/6/1984,,5/8,,29972658,Y,
109,7/16/2019,,5/8,,36518824,Y,
110,8/21/2002,,5/8,,76477338,Y,
111,5/5/1987,,5/8,,29955242,Y,
111,4/12/2005,T10,5/8,,29577915,Y,
112,11/3/1984,,5/8,,29577884,Y,
113,12/6/1984,,5/8,,29972652,Y,
113,8/30/2004,,5/8,,29972864,Y,
114,11/3/1984,,5/8,,29577890,Y,
115,12/3/1986,,5/8,,30299156,Y,
116,11/3/1984,,5/8,,29577883,Y,
117,5/5/1987,,5/8,,29955241,Y,
117,8/10/2022,,5/8,,12240879,Y,
118,9/8/1989,,5/8,,32400347,Y,
119,5/7/1987,,5/8,,29972640,Y,
120,11/3/1984,,5/8,,29577889,Y,
120,4/14/2005,T10,5/8,,30299336,Y,
121,8/21/2002,,5/8,,30299581,Y,
122,12/8/1984,,5/8,,29972728,Y,
123,5/25/2002,,5/8,,29972960,Y,
124,12/6/1984,,5/8,,29972656,Y,
124,9/9/2009,,5/8,,43772985,Y,miu
125,8/19/2002,,5/8,,76477335,Y,
126,5/7/1987,,5/8,,29972648,Y,
127,4/30/1987,,5/8,,29955299,Y,
128,5/5/1987,,5/8,,29972924,Y,
129,5/5/1987,,5/8,,29972919,,
130,5/7/1987,,5/8,,29972642,Y,
131,1/2/1992,,5/8,,29972859,Y,
131,4/1/2015,,5/8,,94598606,,
132,5/11/1987,,5/8,,29972937,Y,
133,5/5/1987,,5/8,,29955246,Y,
134,5/5/1987,,5/8,,29955245,Y,
134,9/6/2007,,5/8,,82929470,Y,
134,3/26/2015,,5/8,,94598600,Y,
135,4/13/1998,,5/8,,42802660,Y,
136,12/26/1984,,5/8,,29576166,Y,
136,9/8/2008,,5/8,,85835024,Y,
137,3/26/2002,,5/8,,32360883,Y,
138,4/14/1987,,5/8,,29577876,Y,
139,12/8/1984,,5/8,,29577869,Y,
140,4/14/1987,,5/8,,30299166,Y,
140,4/21/2021,,5/8,,10464591,Y,
141,4/13/1987,,5/8,,29955225,Y,
142,4/14/1987,,5/8,,29577874,Y,
143,12/8/1986,,5/8,,30299154,Y,
144,4/16/1987,,5/8,,30299268,Y,
145,4/17/1986,,5/8,,30299519,Y,
146,4/17/1986,,5/8,,30299526,Y,
147,4/3/2003,,5/8,,29576233,Y,
147,2/7/2019,,5/8,,36505048,Y,
148,4/16/1987,,5/8,,30299268,Y,
148,12/1/2011,,5/8,,91124604,Y,meter tested high cons.
148,2/7/2019,,,,36505048,,
149,4/17/1986,,5/8,,30299522,Y,
150,10/28/2002,,5/8,,77031342,Y,
151,5/5/1987,,5/8,,29955239,Y,
152,4/16/1987,,5/8,,30299263,Y,
152,8/26/2015,,5/8,,94598588,,
153,4/17/1986,,5/8,,30299520,Y,
154,4/17/1986,,5/8,,30299527,Y,
155,2/23/1987,,5/8,,30299149,Y,
156,4/17/1986,,5/8,,30299524,Y,
157,8/27/2003,,5/8,,29577885,Y,
157,5/8/2019,,5/8,,36505051,Y,
158,8/27/2003,,5/8,,29955174,N,
158,10/13/2015,,5/8,,94598592,N,
159,11/2/1995,,5/8,,32360846,N,
160,9/16/1997,,5/8,,42802674,Y,
161,9/16/1987,,5/8,,29972569,Y,
162,5/1/1999,,5/8,,43773011,Y,
163,6/17/2002,,5/8,,30299232,N,
164,10/4/2001,,5/8,,29972899,Y,
164,8/23/2019,,5/8,,36518825,Y,
165,7/31/2002,,5/8,,764477390,Y,Meter not attached 8/1/11
165,10/9/2020,,5/8,,10067238,Y,
166,3/18/1996,,5/8,,32360884,Y,
166,4/8/2004,,5/8,,43772986,Y,
166,2/17/2005,,5/8,,80305290,Y,
167,10/3/2001,,5/8,,74436494,Y,
168,8/25/2003,,5/8,,30299556,N,
169,9/17/2001,,5/8,,29972662,N,
169,4/20/2004,,5/8,,29972932,Y,
169,1/24/2008,,5/8,,82929468,Y,
170,4/11/1995,,5/8,,39972867,Y,
171,7/11/1986,,5/8,,29966990,Y,
172,1/19/1989,,5/8,,32360829,Y,
173,12/19/1985,,5/8,,29567245,Y,
174,4/1/1999,,5/8,,32360848,N,
174,4/1/2005,T10,5/8,,30299333,,
174,3/30/2012,,5/8,,91124666,Y,miu
175,7/28/1988,,5/8,,32222003,Y,
176,2/12/1991,,5/8,,32214026,Y,
177,7/3/2002,,5/8,,41525745,Y,
178,12/13/1997,,5/8,,41525699,Y,
179,8/26/2002,,5/8,,43772963,Y,
179,3/9/2004,,5/8,,32222001,Y,
180,9/6/2002,,5/8,,29576169,Y,
181,3/8/2002,,5/8,,29972904,Y,
182,9/4/2002,,5/8,,77031288,Y,
183,10/3/2001,,5/8,,74436436,Y,
184,9/4/2002,,5/8,,77031290,Y,
185,10/4/2001,,5/8,,74436426,Y,
186,5/17/1993,,5/8,,23607630,Y,
187,1/23/2002,,5/8,,41525747,Y,
187,10/5/2020,,5/8,,10067237,Y,
188,6/13/1990,,5/8,,32360797,Y,
189,7/1/1999,,5/8,,43772977,Y,
189,9/24/2007,,5/8,,80305285,Y,
190,8/6/1986,,5/8,,29972668,Y,
190,5/16/2019,,5/8,,36518818,Y,
191,9/19/2001,,5/8,,29972906,Y,
192,9/21/1978,,5/8,,2400741,Y,
192,2/24/2005,,5/8,,80305291,Y,
193,8/21/2002,,5/8,,76477332,Y,
194,3/14/1990,,5/8,,32214046,Y,
195,10/23/2002,,5/8,,77031349,Y,
196,6/17/1975,,5/8,,1252962,Y,
196,3/7/2005,Pro read,5/8,,80305289,Y,
197,11/3/1988,,5/8,,32360878,Y,
198,11/2/1988,,5/8,,32360875,Y,
199,9/13/2002,,5/8,,77031345,Y,
200,10/16/1984,,5/8,,28914466,Y,
200,8/28/2007,,5/8,,82929464,Y,
201,11/26/1999,,5/8,,43772980,Y,
202,4/29/1987,,5/8,,50702834,Y,
203,3/14/2002,,5/8,,74436439,Y,
203,7/21/2004,,5/8,,76868109,Y,
203,1/11/2024,,5/8,,15308473,Y,
204,4/30/1987,,5/8,,29955301,Y,
205,9/21/1990,,5/8,,32360801,Y,
206,10/9/1996,,5/8,,41525789,Y,
206,11/13/2015,,5/8,,68756379,,
207,12/26/1984,,5/8,,29576167,Y,
208,11/26/1999,,5/8,,32400356,Y,
209,8/16/1993,,5/8,,32360860,Y,
209,3/2/2005,,5/8,,30299194,Y,
209,8/26/2015,,5/8,,94598587,,
210,4/17/1989,,5/8,,32400361,Y,
210,10/19/2022,,5/8,,12240884,Y,
211,8/19/2002,,5/8,,76477333,Y,
212,4/29/1987,,5/8,,30299193,Y,
213,5/8/1987,,5/8,,29972874,Y,
214,4/20/1987,,5/8,,30299272,Y,
215,4/20/1987,,5/8,,30299273,Y,
216,4/28/1987,,5/8,,30299275,Y,
217,12/8/1986,,5/8,,30299152,Y,
218,4/20/1987,,5/8,,30299276,Y,
219,4/20/1987,,5/8,,30299274,Y,
220,5/25/1988,,5/8,,29576178,Y,
221,4/30/1987,,5/8,,29972962,Y,
222,4/29/1987,,5/8,,30299194,Y,
222,8/30/2004,,5/8,,30299596,Y,
223,11/6/1982,,5/8,,01015043,N,
223,8/7/2007,T10,5/8,,82929466,Y,
223,9/11/2012,,5/8,,91124663,Y,
224,6/27/1988,,5/8,,32400316,Y,
225,6/11/1986,,5/8,,30299378,Y,
226,5/11/1987,,5/8,,29972930,Y,
226,4/1/2009,,5/8,,37765777,Y,
227,7/29/1996,,5/8,,41525761,Y,
228,5/11/1987,,5/8,,29972911,Y,
228,4/25/2016,,5/8,,68756373,,
229,5/12/1987,,5/8,,29972918,Y,
230,6/13/1985,,5/8,,30299282,Y,
231,6/3/1985,,5/8,,30299293,Y,
232,6/11/1985,,5/8,,30299374,Y,
233,6/11/1985,,5/8,,30299372,Y,
234,8/7/1996,,5/8,,41525790,Y,
235,6/11/1985,,5/8,,30299370,Y,
236,6/11/1985,,5/8,,30299376,Y,
237,6/11/1985,,5/8,,30299377,Y,
238,6/13/1985,,5/8,,30299298,Y,
239,4/22/1986,,5/8,,29955175,Y,
240,4/22/1986,,5/8,,29955167,Y,
240,11/12/2005,,5/8,,30299363,Y,
240,12/10/2021,,5/8,,11246276,Y,
241,4/22/1986,,5/8,,30299336,Y,
241,10/13/2004,,5/8,,29576240,Y,
241,7/12/2016,,5/8,,68756365,Y,
242,5/18/1987,,5/8,,29972887,Y,
242,1/5/2022,,5/8,,11246283,Y,
243,8/19/2003,,5/8,,28914432,Y,
243,1/5/2022,,5/8,,11246277,Y,
244,4/18/2003,,5/8,,28914467,Y,
244,1/12/2021,,5/8,,10464594,,
245,4/22/1986,,5/8,,30299330,Y,
246,8/14/2001,,5/8,,32400363,Y,
246,10/3/2022,,5/8,,12240866,Y,
247,4/29/1986,,5/8,,30299334,Y,
248,7/29/1997,,5/8,,42802606,Y,
248,3/21/2015,,5/8,,94598597,N,start at ZERO
249,4/29/1986,,5/8,,29955178,Y,
249,3/1/2005,,5/8,,41525787,Y,
250,5/6/1987,,5/8,,29972856,Y,
251,5/11/1987,,5/8,,29972936,Y,
251,7/6/2021,,5/8,,11246230,Y,added in new system also
252,11/30/1988,,5/8,,32360877,N,
252,2/17/2005,,5/8,,32360836,Y,
253,5/18/1988,,5/8,,32400359,Y,
253,10/1/2021,,5/8,,11246224,Y,
254,5/1/1986,,5/8,,29972591,Y,
255,3/22/2002,,5/8,,29576339,Y,
256,4/29/1986,,5/8,,29955184,Y,
257,5/6/1987,,5/8,,29972855,Y,
258,10/26/1989,,5/8,,32360857,Y,
259,4/29/1986,,5/8,,29955183,Y,
259,2/18/2011,,5/8,,86508908,,MIU
260,12/29/1986,,5/8,,29972667,Y,
261,5/6/1987,,5/8,,29972643,Y,
262,5/6/1987,,5/8,,29972850,Y,
263,4/29/1986,,5/8,,29955181,Y,
264,10/27/1989,,5/8,,32360887,Y,Rem 1/3/11 JG Frozen/fire
264,1/3/2011,,5/8,,86508910,Y,MIU
265,5/6/1987,,5/8,,29972853,Y,
266,4/29/1986,,5/8,,30189876,Y,
267,5/6/1987,,5/8,,29972639,Y,
268,4/29/1986,,5/8,,30189870,Y,
269,5/11/1987,,5/8,,29972805,Y,
270,7/18/1969,,5/8,,10583826,N,
270,3/14/2005,T10,5/8,,74436439,Y,
271,10/24/1988,,5/8,,32360830,Y,
271,9/10/2008,,5/8,,85835022,Y,
272,8/22/2001,,5/8,,41525716,Y,
273,4/19/1985,,5/8,,29577899,Y,
274,6/23/1977,,5/8,,77116670,N,Old Badger-discarded
274,3/7/2005,,5/8 T10,,32360860,Y,
275,1/23/1998,,5/8,,41525717,Y,
276,7/1/1996,,5/8,,41525746,Y,
277,5/8/1987,,5/8,,29972877,Y,
278,12/14/1990,,5/8,,32214075,Y,
278,2/22/2005,,5/8,,32214029,Y,
278,3/29/2019,,5/8,,36505047,Y,
279,5/11/1987,,5/8,,29972913,Y,
280,5/8/1987,,5/8,,29972875,Y,
280,3/8/2011,,5/8,,88753557,,miu
281,10/11/1985,,5/8,,29577862,Y,
282,5/8/1987,,5/8,,29972629,Y,
282,9/11/2008,,5/8,,29955324,Y,
283,5/7/1987,,5/8,,29972647,Y,
283,11/29/2004,,5/8,,29972662,Y,
284,5/12/1987,,5/8,,29972909,Y,
285,5/8/1987,,5/8,,29972877,Y,
286,5/8/1987,,5/8,,29972633,Y,
287,6/1/1987,,5/8,,29972952,Y,
288,4/4/2002,,5/8,,41525732,Y,
289,6/7/1985,,5/8,,30299311,Y,
289,3/15/2006,T10,5/8,,32360846,Y,
290,6/7/1985,,5/8,,30299318,Y,
291,6/10/1985,,5/8,,30299353,Y,
292,6/7/1985,,5/8,,30299315,Y,
293,5/18/1987,,5/8,,29972886,Y,
294,6/7/1985,,5/8,,30299317,Y,
294,3/31/2015,,5/8,,94598601,,
295,6/10/1985,,5/8,,30299358,Y,
296,6/7/1985,,5/8,,30299351,Y,
297,6/7/1985,,5/8,,30299355,Y,
298,6/7/1985,,5/8,,30299349,Y,
299,4/30/1992,,5/8,,32360777,Y,
300,6/10/1985,,5/8,,30299350,Y,
301,6/6/1985,,5/8,,30299314,Y,
302,6/6/1985,,5/8,,30299310,Y,
302,3/14/2018,,3/4,,54163306,,
303,6/10/1985,,5/8,,30299354,Y,
304,6/21/1985,,5/8,,30299240,Y,
305,6/21/1985,,5/8,,30299246,Y,
306,12/28/1984,,5/8,,29576174,Y,
307,5/5/1987,,5/8,,22972926,Y,
308,4/19/1987,,5/8,,30299189,Y,
309,12/3/1986,,5/8,,30299155,Y,
310,4/19/1987,,5/8,,30299192,Y,
311,4/29/1987,,5/8,,30299191,,
312,12/8/1984,,5/8,,29972721,Y,
313,5/6/1987,,5/8,,29972852,Y,
314,4/14/1987,,5/8,,29577872,Y,
315,12/2/1986,,5/8,,29972661,Y,
316,4/14/1987,,5/8,,29577874,Y,
316,4/8/2014,,5/8,,93384643,,
317,4/14/1987,,5/8,,29577873,Y,
318,10/8/1996,,5/8,,41525739,Y,
319,12/17/1987,,5/8,,32400350,Y,
319,10/20/2020,,5/8,,10067233,Y,
320,6/6/1985,,5/8,,30299313,Y,
320,9/11/2012,,5/8,,91124665,Y,
321,6/6/1985,,5/8,,30299316,Y,
322,7/2/1987,,5/8,,29972572,Y,
323,10/5/1991,,5/8,,29972863,Y,
323,9/7/2004,,5/8,,30299258,Y,
324,5/12/1987,,5/8,,29972807,Y,
325,7/1/1985,,5/8,,30299967,Y,
326,10/19/1999,,5/8,,43772979,Y,
327,9/12/1994,,5/8,,32360865,Y,
327,11/17/2020,,5/8,,10582863,Y,
328,7/1/1985,,5/8,,29972812,Y,
329,6/24/1985,,5/8,,30299255,Y,
330,7/1/1985,,5/8,,29972810,Y,
331,10/1/1996,,5/8,,41525791,Y,
331,3/29/2022,,5/8,,12240856,Y,
332,6/26/1985,,5/8,,30299961,Y,
333,7/2/1985,,5/8,,29972817,Y,
334,6/26/1985,,5/8,,30299959,Y,
335,6/26/1985,,5/8,,30299962,Y,
336,6/26/1985,,5/8,,30299960,Y,
337,6/20/1996,,5/8,,41525741,Y,
338,7/1/1985,,5/8,,29972816,Y,
339,7/1/1985,,5/8,,30299965,Y,
339,6/15/2021,,5/8,,11246268,Y,
340,7/1/1985,,5/8,,29972814,Y,
341,7/1/1985,,5/8,,30299968,Y,
341,3/25/2022,,5/8,,12240862,Y,
342,6/26/1985,,5/8,,30299964,Y,
343,7/17/1985,,5/8,,30299363,Y,
344,7/17/1985,,5/8,,30299175,Y,
345,7/17/1985,,5/8,,30299177,Y,
345,6/26/2007,,5/8,T10,30299151,Y,
346,7/12/1985,,5/8,,30299173,Y,
347,10/15/1996,,5/8,,41525706,Y,
348,7/11/1985,,5/8,,30299304,Y,
349,7/11/1985,,5/8,,30299299,Y,
350,3/27/2003,,5/8,,28914494,Y,
351,12/29/1986,,5/8,,29576168,Y,
352,7/11/1985,,5/8,,30299302,Y,
352,3/29/2018,,5/8,,36518816,Y,
353,8/29/1996,,5/8,,41525795,Y,
354,7/12/1985,,5/8,,30299308,Y,
355,6/13/1990,,5/8,,32360796,Y,
356,8/16/1990,,5/8,,32214040,Y,
357,11/2/1988,,5/8,,32360874,Y,
358,7/11/1985,,5/8,,30299305,Y,
358,10/13/2020,,5/8,,10067231,Y,
359,7/12/1985,,5/8,,30299174,Y,
360,3/13/2003,,5/8,,30299322,Y,
360,12/2/2020,,5/8,,10582858,Y,
361,7/12/1985,,5/8,,30299178,Y,
362,7/11/1985,,5/8,,30299301,Y,
362,3/13/2012,,5/8,T10,91124599,Y,
362,1/8/2021,,5/8,,10464589,Y,
363,7/17/1985,,5/8,,30299361,Y,
364,8/19/2002,,5/8,,76477341,Y,
364,12/23/2004,,5/8,,32360776,Y,
365,7/11/1985,,5/8,,30299303,Y,
365,8/23/2004,,5/8,,77172551,Y,
366,8/3/1985,,5/8,,302993251,Y,
367,5/18/1987,,5/8,,29972884,Y,
368,8/1/2001,,5/8,,29972901,Y,
369,2/21/1985,,5/8,,29576219,Y,
370,12/29/1984,,5/8,,29576170,Y,
371,5/4/1987,,5/8,,29955300,Y,
372,3/22/2000,,5/8,,41525731,Y,
372,12/21/2020,,,,10582860,,
373,7/17/1985,,5/8,,30299171,Y,
373,12/4/2023,,5/8,,15308478,Y,
374,3/5/2003,,5/8,,29577905,Y,
375,8/24/2002,,5/8,,76477320,Y,
375,8/1/2023,,5/8,,12240899,Y,
376,5/4/1987,,5/8,,29955242,Y,
377,7/12/1985,,5/8,,30299170,Y,
378,8/2/1985,,5/8,,30299348,Y,
378,12/12/2023,,5/8,,15308470,Y,
379,5/14/1998,,5/8,,42802661,Y,
380,7/17/1985,,5/8,,30299169,Y,
381,10/14/1997,,5/8,,42802608,Y,
382,4/4/1988,,5/8,,29955329,Y,
383,4/22/1988,,5/8,,29972803,Y,
383,10/17/2023,,5/8,,12240963,Y,
384,6/30/1988,,5/8,,32360833,Y,
384,3/2/2005,,5/8,,32214025,Y,
384,10/17/2023,,5/8,,12240962,Y,
385,5/4/1988,,5/8,,29576230,Y,
386,12/29/1984,,5/8,,29577917,Y,
387,7/12/1985,,5/8,,30299172,Y,
388,3/21/2002,,5/8,,30299535,Y,
388,11/2/2020,,5/8,,10067230,Y,
389,8/2/1985,,5/8,,30299325,Y,
390,11/29/1982,,5/8,,01015039,Y,
390,7/17/2012,,,,,,INACTIVE
391,8/23/2002,,5/8,,76477338,Y,
392,8/1/1985,,5/8,,30299366,Y,
393,2/2/1985,,5/8,,30299326,Y,
394,8/16/1993,,5/8,,32360861,Y,
395,11/25/1994,,5/8,,32400308,N,
396,5/4/1982,,5/8,,29955298,Y,
397,12/29/1984,,5/8,,29577910,Y,
397,5/17/2021,,5/8,,11246265,Y,
398,5/4/1987,,5/8,,29955238,Y,
399,12/29/1984,,5/8,,29577911,Y,
399,4/8/2004,,5/8,,77172558,Y,
400,5/4/1987,,5/8,,29955303,Y,
401,8/27/2002,,5/8,,77031286,Y,
401,9/28/2017,,5/8,,10067242,Y,
402,3/18/1996,,5/8,,32360891,Y,
403,5/4/1987,,5/8,,29955302,Y,
404,4/3/1982,,5/8,,32360778,Y,
405,5/4/1987,,5/8,,29955297,Y,
405,2/14/2020,,5/8,,36518827,Y,
406,10/15/1997,,5/8,,42802612,Y,
407,4/30/1987,,5/8,,29972959,Y,
407,7/7/2006,,5/8,,29577867,Y,
407,10/6/2016,,5/8,,68756370,Y,
408,7/17/1985,,5/8,,30299365,Y,
409,4/28/1987,,5/8,,30299271,Y,
410,4/4/1983,,5/8,,01015026,Y,
411,4/30/1987,,5/8,,29972966,Y,
411,3/14/2018,,5/8,,36518814,,
412,8/2/1985,,5/8,,30299328,Y,
413,8/2/1985,,5/8,,30299327,Y,
414,4/3/1986,,5/8,,29955330,Y,
415,11/9/1988,,5/8,,32360882,Y,
416,12/29/1984,,5/8,,29577908,Y,
417,11/13/2002,,5/8,,28914523,Y,
418,12/29/1984,,5/8,,29577905,Y,
419,3/28/2002,,5/8,,32222002,Y,
420,4/30/1987,,5/8,,29972961,Y,
421,7/25/2001,,5/8,,7443642,Y,
422,1/8/1986,,5/8,,29955163,Y,
422,9/12/2017,,58,,10067246,Y,
423,1/9/1986,,5/8,,30299544,Y,
424,3/3/2003,,5/8,,28914548,Y,
425,4/14/1987,,5/8,,29955220,Y,
426,9/22/1967,,5/8,,9737442,N,
426,3/3/2004,,5/8,,42802672,Y,
427,4/13/1987,,5/8,,29955217,Y,
428,1/2/1986,,5/8,,30299324,Y,
429,1/9/1986,,5/8,,30299548,Y,
430,4/13/1987,,5/8,,29955223,Y,
431,4/13/1987,,5/8,,29955222,Y,
432,4/13/1987,,5/8,,29955224,Y,
433,4/30/1987,,5/8,,29972961,Y,
434,5/12/1987,,5/8,,29972799,Y,
435,4/28/1987,,5/8,,30299197,Y,
436,4/14/1987,,5/8,,29577877,Y,
437,5/1/1986,,5/8,,30189873,Y,
438,5/1/1986,,5/8,,29972589,Y,
439,6/21/2001,,5/8,,7443630,Y,
440,5/1/1986,,5/8,,30189871,Y,
441,4/28/1992,,5/8,,32360774,Y,
442,5/1/1986,,5/8,,30189872,Y,
443,5/6/1987,,5/8,,29972923,Y,
444,5/7/1987,,5/8,,29972645,Y,
445,5/8/1987,,5/8,,29972630,Y,
446,5/1/1986,,5/8,,30189877,Y,
447,5/1/1986,,5/8,,29972594,Y,
448,5/1/1986,,5/8,,30189878,Y,
449,5/1/1986,,5/8,,30189875,Y,
450,5/1/1986,,5/8,,30189869,Y,
450,4/3/2008,,5/8,,84548693,Y,
451,5/1/1986,,5/8,,30189874,Y,
452,5/8/1987,,5/8,,29972873,Y,
453,5/1/1986,,5/8,,29972593,Y,
454,5/6/1987,,5/8,,29972927,Y,
455,4/9/1985,,5/8,,29577898,Y,
455,3/13/2012,,5/8,T10,91124601,Y,
456,10/8/1996,,"1""",,39596176,N,
457,4/21/1986,,5/8,,30299233,Y,
458,4/21/1986,,5/8,,29955179,Y,
459,4/21/1986,,5/8,,30299238,Y,
460,4/21/1986,,5/8,,30299230,Y,
461,1/11/1988,,5/8,,32400354,Y,
462,4/21/1986,,5/8,,30299233,,
463,4/4/2002,,5/8,,29576247,Y,
464,4/21/1986,,5/8,,30299231,Y,
465,4/21/1986,,5/8,,29955171,Y,
465,1/5/2022,,5/8,,11246280,Y,
466,5/18/1987,,5/8,,29972880,Y,
467,9/13/1986,,5/8,,29972659,Y,
467,5/20/2014,,5/8,,94598602,Y,
467,1/5/2022,,5/8,,11246279,Y,
468,5/12/1987,,5/8,,29972588,Y,
469,5/18/1987,,5/8,,29972888,Y,
469,4/1/2014,,5/8,,93384642,Y,
469,12/7/2021,,5/8,,12240893,Y,
469,12/10/2021,,5/8,,12240893,Y,
470,5/11/1987,,5/8,,29972912,Y,
470,12/22/2008,,5/8,,85835020,Y,
470,1/5/2022,,5/8,,11246281,Y,
471,7/27/1995,,5/8,,32360843,Y,
472,4/21/1986,,5/8,,30299235,Y,
472,3/13/2006,,5/8 T10,,29965673,Y,
473,5/12/1987,,5/8,,29972587,Y,
473,3/23/2018,,5/8,,36518815,Y,
474,5/12/1987,,5/8,,29972580,Y,
475,8/8/1989,,5/8,,32367086,Y,
475,4/10/2008,,5/8,,80305286,Y,
476,4/21/1986,,5/8,,30299229,Y,
476,12/10/2021,,5/8,,11246275,Y,
477,5/18/1987,,5/8,,29972958,Y,
477,11/10/2021,,5/8,,12240891,Y,
478,5/18/1987,,5/8,,29972855,Y,
478,12/10/2021,,5/8,,12240894,Y,
479,5/18/1987,,5/8,,29972808,Y,
480,5/12/1987,,5/8,,29972917,Y,
480,1/6/2022,,5/8,,11246282,Y,
481,12/30/1985,,5/8,,29576249,Y,
481,12/6/2023,,5/8,,15308471,Y,
482,4/21/1986,,5/8,,30299237,Y,
482,11/9/2021,,5/8,,12240885,Y,
483,5/11/1987,,5/8,,29972930,Y,
483,12/6/2023,,5/8,,15308477,Y,
484,12/9/1994,,5/8,,32400306,Y,
485,4/21/1986,,5/8,,30299236,Y,
486,11/3/1992,,5/8,,29972862,N,
487,6/8/1986,,5/8,,30299532,Y,
488,1/14/1998,,5/8,,4372959,Y,
489,6/24/1985,,5/8,,30299254,Y,
490,5/11/1987,,5/8,,29972915,Y,
491,6/1/1987,,5/8,,29972954,Y,
492,5/11/1987,,5/8,,29972934,Y,
493,6/25/1985,,5/8,,30299963,Y,
494,6/24/1985,,5/8,,30299252,Y,
495,6/24/1955,,5/8,,30299257,Y,
495,10/9/2013,,5/8,,93384648,Y,
496,6/24/1985,,5/8,,30299250,Y,
496,9/7/2004,,5/8,,43772963,Y,
497,8/25/2003,,5/8,,30299563,Y,
498,3/19/1996,,5/8,,32360893,Y,
499,7/2/1985,,5/8,,29972809,Y,
499,11/9/2017,,5/8,,10067243,Y,
500,7/1/1985,,5/8,,30299244,Y,
500,8/7/2018,,5/8,,36505039,Y,
501,6/24/1985,,5/8,,30299253,Y,
501,9/17/2007,,5/8,,82929471,Y,
502,6/24/1985,,5/8,,30299256,Y,
503,11/30/1998,,5/8,,43773014,Y,
504,6/24/1985,,5/8,,30299258,Y,
504,3/2/2004,,5/8,,32214050,Y,
505,9/22/1997,,5/8,,41525793,Y,
506,5/11/1987,,5/8,,29972933,Y,
507,4/7/1986,,5/8,,30299553,N,
508,8/13/1996,,5/8,,41525796,N,
509,9/10/1987,,5/8,,29972575,Y,
510,5/5/1987,,5/8,,29972921,Y,
511,5/6/1987,,5/8,,29972858,Y,
512,5/7/1987,,5/8,,29972644,Y,
512,6/25/2012,,5/8,,91124664,Y,
513,5/6/1987,,5/8,,29972854,Y,
514,5/8/1987,,5/8,,29972920,Y,
515,5/7/1987,,5/8,,29972641,Y,
516,1/7/2002,,5/8,,41525748,Y,
517,4/16/1986,,5/8,,29972607,Y,
517,8/8/2018,,5/8,,36505042,Y,
518,4/14/1986,,5/8,,29576345,Y,
518,4/9/2015,,5/8,,94598589,,
519,4/14/1986,,5/8,,29972601,Y,
520,10/28/1996,,5/8,,41525701,Y,
521,10/28/1996,,5/8,,41525700,Y,
522,3/29/2000,,5/8,,41525730,Y,
523,11/7/1984,,5/8,,29577927,Y,
524,4/16/1987,,5/8,,30299260,Y,
525,3/12/2002,,5/8,,74436440,Y,
526,4/16/1986,,5/8,,29972825,Y,
527,4/15/1987,,5/8,,30299159,Y,
528,4/14/1986,,5/8,,29972608,Y,
528,12/12/2023,,5/8,,15308469,Y,
529,4/28/1987,,5/8,,30299198,Y,
530,4/14/1986,,5/8,,2957634,Y,
531,4/14/1986,,5/8,,29576337,Y,
532,3/13/2002,,5/8,,74436443,Y,
533,4/17/1986,,5/8,,30299528,Y,
534,4/14/1986,,5/8,,29972604,Y,
535,3/30/2000,,5/8,,41525736,Y,
536,4/16/1986,,5/8,,29972828,Y,
537,3/14/2002,,5/8,,74436425,Y,
538,4/14/1986,,5/8,,29972600,Y,
539,3/28/2002,,5/8,,,,
539,12/16/2016,,5/8,,68756362,,
540,4/14/1986,,5/8,,29972606,Y,
541,4/14/1986,,5/8,,29972602,Y,
542,4/14/1986,,5/8,,29972605,Y,
543,4/14/1986,,5/8,,29576343,Y,
544,4/17/1986,,5/8,,30299521,Y,
545,4/16/1986,,5/8,,30299564,Y,
546,4/29/1987,,5/8,,50702833,Y,
547,4/16/1986,,5/8,,30299565,Y,
548,4/14/1986,,5/8,,2997259,Y,
549,4/16/1986,,5/8,,29972603,Y,
550,8/24/1986,,5/8,,29972660,Y,
551,4/18/1986,,5/8,,29955234,Y,
552,4/16/1986,,5/8,,29972824,Y,
553,4/16/1986,,5/8,,30299560,Y,
554,4/9/2003,,5/8,,30299563,Y,
555,4/16/1986,,5/8,,30299562,Y,
556,4/16/1986,,5/8,,30299561,Y,
557,2/8/2002,,5/8,,74436411,Y,
558,4/16/1986,,5/8,,29972827,Y,
559,9/19/1973,,5/8,,09444335,Y,
559,1/1/2021,,5/8,,10464598,Y,
560,4/16/1986,,5/8,,29972819,Y,
561,4/16/1986,,5/8,,30299567,Y,
561,3/29/2019,,5/8,,36505045,Y,
562,4/16/1986,,5/8,,30299559,Y,
563,4/29/1987,,5/8,,29972968,Y,
564,4/18/1986,,5/8,,29972894,Y,
565,4/28/1987,,5/8,,30299195,Y,
566,5/4/1987,,5/8,,29955304,Y,
567,4/18/1986,,5/8,,29972890,Y,
568,4/18/1986,,5/8,,29972889,Y,
569,4/18/1986,,5/8,,29955231,Y,
570,4/16/1986,,5/8,,29972820,Y,
571,4/16/1986,,5/8,,29972823,Y,
572,4/15/1987,,5/8,,30299164,Y,
573,4/18/1986,,5/8,,29955227,Y,
574,5/8/1987,,5/8,,29972869,Y,
575,4/21/1986,,5/8,,29955233,Y,
575,11/1/2023,,5/8,,12240964,Y,
576,5/12/1987,,5/8,,29972583,Y,
577,11/4/1993,,5/8,,32400314,Y,
578,4/18/1986,,5/8,,30299525,Y,
579,4/18/1986,,5/8,,29972896,Y,
580,12/3/1996,,5/8,,41525702,Y,
581,8/8/1990,,5/8,,32214035,Y,
582,4/18/1986,,5/8,,29972897,Y,
582,10/26/2012,,5/8,,91124661,Y,
583,4/15/1987,,5/8,,30299165,Y,
584,4/30/1987,,5/8,,29972965,Y,
584,10/25/2021,,5/8,,11246228,Y,
585,4/18/1986,,5/8,,29955235,Y,
586,5/6/1987,,5/8,,29972857,Y,
587,10/9/1996,,5/8,,41525792,Y,
588,4/18/1986,,5/8,,29972891,Y,
588,11/6/2009,,5/8,,43772958,,
588,10/27/2021,,5/8,,11246274,Y,
589,4/21/1986,,5/8,,29972893,Y,
590,4/18/1986,,5/8,,29955228,Y,
591,8/20/1985,,5/8,,30299346,Y,
592,11/11/1995,,5/8,,32360850,Y,
593,4/18/1986,,5/8,,29955232,Y,
594,7/26/2001,,5/8,,32400362,Y,
595,3/28/2002,,5/8,,29972821,Y,
596,4/3/1986,,5/8,,29576229,Y,
597,4/3/1986,,5/8,,29576228,Y,
598,1/9/1986,,5/8,,30299545,Y,
599,4/4/1986,,5/8,,29955332,Y,
600,4/13/1987,,5/8,,29955218,Y,
601,4/3/1986,,5/8,,29576226,Y,
602,1/7/1986,,5/8,,30299592,Y,
603,4/3/1986,,5/8,,29576235,Y,
603,10/11/2007,,5/8,,84548694,Y,
604,1/8/1986,,5/8,,30299593,Y,
604,5/6/2014,,5/8,,94598604,Y,
605,1/7/1986,,5/8,,30299596,Y,
605,3/3/2004,,5/8,,29972921,Y,
606,1/9/1986,,5/8,,30299540,Y,
607,9/12/1990,,5/8,,32860886,Y,
608,1/7/1986,,5/8,,30299207,Y,
609,1/7/1986,,5/8,,30299589,Y,
610,1/8/1986,,5/8,,29955160,Y,
611,4/3/1986,,5/8,,2957624,Y,
612,1/7/1986,,5/8,,30299590,Y,
613,4/4/1986,,5/8,,29955331,Y,
614,12/6/1984,,5/8,,29972650,Y,
615,11/15/1984,,5/8,,29576180,Y,
616,11/5/1984,,5/8,,29576176,Y,
617,12/7/1984,,5/8,,29972758,Y,
618,12/7/1986,,5/8,,29972752,Y,
619,11/15/1984,,5/8,,29576185,Y,
620,5/7/1985,,5/8,,29577867,Y,
620,8/19/2004,,5/8,,77172557,Y,
621,4/22/1986,,5/8,,29955172,Y,
622,5/7/1985,,5/8,,29577865,Y,
622,1/5/2022,,5/8,,11246278,Y,
623,9/9/1999,,5/8,,43772983,Y,
623,1/10/2022,,5/8,,12240860,Y,
624,5/7/1985,,5/8,,29576233,Y,
624,10/21/2020,,5/8,,10067232,Y,
625,1/9/2003,,5/8,,29972849,Y,
625,11/10/2021,,5/8,,12240892,Y,
626,4/22/1986,,5/8,,29955176,Y,
627,5/11/1987,,5/8,,29972910,Y,
628,4/22/1986,,5/8,,29955168,Y,
628,9/11/2009,,5/8,,32360830,,miu
628,11/8/2021,,5/8,,12240887,Y,
629,5/18/1987,,5/8,,29972882,Y,
630,4/22/1986,,5/8,,29955173,Y,
631,6/3/1985,,5/8,,30299184,Y,
632,6/4/1985,,5/8,,30299139,Y,Removed 1/9/13
632,11/9/2017,,5/8,,10067239,Y,
633,6/3/1985,,5/8,,30299183,Y,
633,10/11/2005,,5/8,,29955244,Y,
634,6/4/1985,,5/8,,30299180,Y,
635,6/22/1985,,5/8,,30299242,Y,
636,10/15/1997,,5/8,,42802658,Y,
637,4/11/2001,,5/8,,74436432,Y,
638,6/3/1985,,5/8,,30299179,Y,
639,6/4/1985,,5/8,,30299186,Y,
639,10/26/2005,,5/8,,41525705,Y,
640,6/4/1985,,5/8,,30299143,Y,
640,1/19/2023,,5/8,,12240867,Y,
641,6/4/1985,,5/8,,30299140,Y,
642,6/4/1985,,5/8,,30299144,Y,
642,4/17/2017,,5/8,,68756366,Y,
642,12/9/2023,,5/8,,12240960,Y,
643,3/14/2002,,5/8,,74436442,Y,
644,6/4/1985,,5/8,,30299141,Y,
645,6/4/1985,,5/8,,30299188,Y,
646,6/4/1985,,5/8,,30299182,Y,
646,6/12/2018,,5/8,,36505034,Y,
647,6/3/1985,,5/8,,30299187,Y,
648,6/3/1985,,5/8,,30299342,Y,
649,1/9/1986,,5/8,,30299546,Y,
650,1/7/1986,,5/8,,30299591,Y,
651,1/7/1986,,5/8,,30299595,Y,
652,4/10/2002,,5/8,,29972592,Y,
653,1/8/1986,,5/8,,29955165,Y,
654,1/8/1986,,5/8,,29955166,Y,
654,5/13/2021,,5/8,,11246471,Y,
655,1/6/1986,,5/8,,29955164,Y,
655,9/8/2004,,5/8,,30299575,Y,
656,1/7/1986,,5/8,,30299597,Y,
656,5/17/2021,,5/8,,11246273,Y,
657,9/4/2002,,5/8,,77031289,Y,
658,1/7/1986,,5/8,,29955158,Y,
659,1/8/1986,,5/8,,29955159,Y,
660,1/8/1986,,5/8,,29955157,Y,
661,5/12/1987,,5/8,,29972800,Y,
662,9/4/1997,,5/8,,42802668,Y,
662,3/2/2004,,5/8,,78326442,Y,
662,2/24/2005,,5/8,,30299539,Y,
663,5/12/1987,,5/8,,29972807,Y,
664,8/27/1988,,5/8,,32222005,Y,
665,5/12/1987,,5/8,,29972806,Y,
666,5/18/1987,,5/8,,29972881,Y,
666,7/10/2019,,5/8,,36518823,Y,
667,5/8/1987,,5/8,,29972636,Y,
668,5/12/1987,,5/8,,29972581,Y,
669,5/8/1987,,5/8,,29972638,Y,
670,10/11/1994,,5/8,,32360867,Y,
671,1/2/1990,,5/8,,32360787,Y,
672,1/23/2002,,5/8,,41525751,Y,
673,5/14/1996,,5/8,,41525743,Y,
673,4/19/2021,,5/8,,10464597,Y,
674,3/21/2002,,5/8,,29576340,Y,
675,6/6/1985,,5/8,,30299148,Y,
676,6/5/1985,,5/8,,30299145,Y,
677,6/6/1985,,5/8,,30299312,Y,
678,6/8/1985,,5/8,,30299147,Y,
679,7/19/1985,,5/8,,30299360,Y,
679,6/1/2007,T10,5/8,,76477321,Y,
680,6/13/1985,,5/8,,30299291,Y,
681,8/13/1987,,5/8,,29972571,Y,
682,4/13/1987,,5/8,,29955219,Y,
683,2/19/1985,,5/8,,29576224,Y,
684,4/26/1986,,5/8,,29955326,Y,
685,4/1/1986,,5/8,,29955141,Y,
686,4/1/1986,,5/8,,29955138,Y,
687,6/1/1987,,5/8,,29972950,Y,
688,5/18/1987,,5/8,,29972879,Y,
689,4/1/1986,,5/8,,30299584,Y,
689,9/12/2013,,5/8,,91124670,Y,
690,4/1/1986,,5/8,,29955142,Y,
691,4/1/1986,,5/8,,29955145,Y,
692,6/19/1985,,5/8,,30299340,Y,
693,8/6/1985,,5/8,,30299345,Y,
693,2/2/2008,,5/8,,84548691,Y,
693,6/24/2022,,,,12240875,,
694,8/29/2003,,"1""",,39596175,Y,
695,2/16/1985,,5/8,,29576222,Y,
696,12/8/1986,,5/8,,30299151,Y,
696,5/4/2006,,5/8,,32360833,Y,
697,4/29/1985,,5/8,,29577893,Y,
698,1/29/1985,,5/8,,29577996,Y,
699,1/9/1986,,5/8,,30299539,Y,
699,8/26/2004,,5/8,,29955143,Y,
700,10/24/1989,,5/8,,32360855,Y,
700,3/2/2004,,5/8,,77172556,Y,
701,3/8/1989,,5/8,,32400311,Y,
702,9/23/1993,,5/8,,32360862,N,
702,10/11/2007,,5/8,,84548686,Y,
703,4/2/1986,,5/8,,29955144,Y,
704,5/18/1987,,5/8,,29972883,Y,
705,4/2/1986,,5/8,,29955324,Y,
705,8/3/2006,,5/8,,29576254,Y,
706,4/2/1986,,5/8,,29955320,Y,
707,4/2/1986,,5/8,,29955322,Y,
708,3/13/2003,,5/8,,28914533,Y,
709,4/2/1986,,5/8,,29955321,Y,
710,4/2/1986,,5/8,,29955318,Y,
711,4/2/1986,,5/8,,29955137,Y,ok
711,4/18/2011,,5/8,,87638118,Y,
712,3/22/2000,,5/8,,41525735,Y,
713,4/2/1986,,5/8,,29955140,Y,
714,4/2/1986,,5/8,,30299582,N,
715,5/1/2002,,"1""",,48437730,Y,
716,10/14/1997,,5/8,,42802609,Y,
717,4/2/1986,,5/8,,29965319,Y,
717,3/21/2013,,5/8,,91124678,Y,
718,8/1/1990,,5/8,,29955180,Y,
719,10/27/1989,,5/8,,32360888,Y,
720,4/2/1986,,5/8,,29955143,Y,
720,9/18/2003,,5/8 T10,,41525737,Y,
721,12/8/1986,,5/8,,29955139,Y,
722,1/29/1988,,5/8,,32400348,Y,
723,5/8/1982,,5/8,,29972634,Y,
723,10/6/2004,,5/8,,30299614,Y,
724,5/8/1987,,5/8,,29972632,Y,
725,5/1/1986,,5/8,,29972595,Y,
726,5/9/1984,,5/8,,30299347,Y,
727,9/17/1997,,5/8,,42802607,Y,
727,7/21/2011,,5/8 T10,,88753563,Y,
727,5/7/2014,,5/8,,93384646,Y,
727,4/13/2015,,5/8,,94598591,,
727,12/27/2022,,5/8,,12240869,Y,
728,8/14/2002,,5/8,,76477334,Y,
729,12/26/1984,,5/8,,29576173,Y,
730,11/9/1993,,5/8,,32360755,Y,
731,12/8/1986,,5/8,,30299153,Y,
732,12/15/1984,,5/8,,29577919,Y,
733,4/14/1987,,5/8,,29955221,Y,
734,3/21/2002,,5/8,,32360876,Y,
735,12/3/1986,,5/8,,30299157,Y,
736,12/3/1986,,5/8,,30299158,Y,
737,4/14/1987,,5/8,,29955226,Y,
738,7/27/1988,,5/8,,32221999,Y,
739,4/14/1987,,5/8,,30299160,Y,
739,8/25/2022,,5/8,,12240880,Y,
740,4/14/1987,,5/8,,30299168,Y,
741,7/14/1987,,5/8,,29577881,Y,
742,4/15/1987,,5/8,,30299167,Y,
743,4/14/1987,,5/8,,29577880,Y,
744,4/4/2001,,5/8,,32214027,Y,
744,9/12/2008,,5/8,,85835017,Y,
745,6/11/1985,,5/8,,30299371,Y,
746,6/11/1985,,5/8,,30299369,Y,
747,6/21/1985,,5/8,,30299297,Y,
747,4/9/2021,,5/8,,10582867,Y,
748,6/11/1985,,5/8,,30299288,Y,
748,2/17/2022,,5/8,,12240861,Y,
749,6/13/1985,,5/8,,30299289,Y,
750,8/7/1985,,5/8,,30299348,Y,
751,6/21/1985,,5/8,,30299241,Y,
751,8/7/2023,,5/8,,102240904,Y,
752,11/19/1965,,5/8,,2451200,Y,
752,6/24/1998,,5/8,,43772962,Y,
752,8/8/2023,,5/8,,12240956,Y,
753,6/21/1985,,5/8,,30299248,Y,
754,1/22/1998,,5/8,,41525718,Y,
754,7/26/2023,,5/8,,12240898,Y,
755,6/11/1985,,5/8,,30299284,Y,
756,6/11/1985,,5/8,,30299282,Y,
757,6/11/1985,,5/8,,30299280,Y,
758,6/13/1985,,5/8,,30299295,Y,
759,6/11/1985,,5/8,,30299286,Y,
760,8/5/1997,,5/8,,42802673,Y,
761,5/12/1987,,5/8,,29972584,Y,
762,6/11/1985,,5/8,,30299375,Y,
763,11/12/1990,,5/8,,32214024,Y,
763,10/11/2005,,5/8,,32400344,Y,
764,4/10/1992,,5/8,,32360783,Y,
765,5/11/1987,,5/8,,29972911,Y,
766,4/8/1986,,5/8,,30299605,Y,
767,4/8/1986,,5/8,,30189831,Y,
768,5/8/1987,,5/8,,29972635,Y,
769,2/28/2003,,5/8,,28914508,Y,
770,4/8/1986,,5/8,,30299600,Y,
771,6/19/2003,,5/8,,30299300,Y,
772,2/24/1986,,5/8,,30299579,Y,
773,5/12/1987,,5/8,,29972585,Y,
774,4/8/1986,,5/8,,30299551,Y,
775,11/28/1984,,5/8,,29577916,Y,
776,11/1/1984,,5/8,,29577926,Y,
777,4/9/1986,,5/8,,30399608,Y,
778,4/8/1986,,5/8,,30299607,Y,
779,4/8/1986,,5/8,,30189836,Y,
779,5/24/2018,,5/8,,36505033,Y,
780,4/8/1986,,5/8,,30299604,Y,
780,9/30/2013,,5/8,,93384647,Y,
781,4/9/1986,,5/8,,29965669,Y,
782,4/8/1986,,5/8,,30299602,Y,
783,10/5/1989,,5/8,,32360785,Y,
784,4/6/1986,,5/8,,30299603,Y,
785,4/9/1986,,5/8,,29965671,Y,
786,4/8/1986,,5/8,,30299557,Y,
787,4/9/1986,,5/8,,29965677,Y,
788,4/8/1986,,5/8,,30189829,Y,
788,5/1/2007,T10,5/8,,76477341,Y,
788,10/21/2021,,5/8,,11246226,Y,
789,4/8/1986,,5/8,,30189832,Y,
790,6/19/1996,,5/8,,41525738,Y,
790,2/4/2009,,5/8,,41525753,Y,
791,4/1/1986,,5/8,,30299575,Y,
791,4/8/2004,,5/8,,77172553,Y,
792,4/10/1986,,5/8,,29955313,Y,
793,4/11/1986,,5/8,,30299228,Y,
794,12/9/1994,,5/8,,32360869,Y,
794,8/30/2021,,5/8,,11246233,Y,
795,1/4/1985,,5/8,,29577896,Y,
796,11/6/1984,,5/8,,29576193,Y,
797,11/2/1984,,5/8,,29577924,Y,
798,4/29/1987,,5/8,,50702839,Y,
798,2/1/2017,,5/8,,68756367,Y,
799,11/21/1985,,5/8,,29576236,Y,
800,4/29/1987,,5/8,,50702832,Y,
801,4/10/1986,,5/8,,30299222,Y,
802,4/11/1986,,5/8,,30299219,Y,
803,4/1/1986,,5/8,,29955312,Y,
804,4/11/1986,,5/8,,30299221,Y,
805,10/11/1990,,5/8,,30214030,Y,
806,4/30/1987,,5/8,,30299226,Y,
806,5/12/2016,,5/8,,94598590,,
807,12/7/1984,,5/8,,29972653,Y,
808,4/14/1987,,5/8,,29577879,Y,
809,12/13/1997,,5/8,,42802610,Y,
810,12/8/1984,,5/8,,29972654,Y,
811,12/15/1984,,5/8,,29972723,Y,
812,11/5/1984,,5/8,,29576189,Y,
813,12/17/1984,,5/8,,29577918,Y,
814,12/8/1984,,5/8,,29972719,Y,
815,4/14/1987,,5/8,,29577878,Y,
816,4/11/1986,,5/8,,30299216,Y,
816,9/17/2013,,5/8,,91124672,Y,
817,4/9/1986,,5/8,,29965675,Y,
818,4/9/1986,,5/8,,30299606,Y,
819,4/9/1986,,5/8,,29965674,Y,
820,12/9/1994,,5/8,,32400310,Y,
821,4/29/1987,,5/8,,50702831,Y,
822,4/10/1986,,5/8,,29955314,Y,
822,10/9/2023,,5/8,,12240961,Y,
823,4/9/1986,,5/8,,29965670,Y,
824,4/29/1987,,5/8,,22965673,Y,
824,8/2/2005,,5/8,,30299303,Y,
824,12/4/2023,,5/8,,15308474,Y,
825,4/30/1987,,5/8,,29972964,Y,
825,3/30/2018,,5/8,,36518810,Y,
826,6/11/1997,,5/8,,42802671,Y,
826,8/26/2022,,5/8,,12240883,Y,
827,4/9/1986,,5/8,,29965672,Y,
828,8/4/1997,,5/8,,42802605,Y,
828,9/17/2013,,5/8,,91124672,Y,
829,6/13/1985,,5/8,,30299290,Y,
830,6/13/1985,,5/8,,30299292,Y,
831,10/17/2001,,5/8,,29972903,Y,
831,7/14/2021,,5/8,,11246231,Y,
832,6/21/1985,,5/8,,30299245,Y,
833,6/21/1985,,5/8,,30299239,Y,
834,6/13/1985,,5/8,,30299285,Y,
835,6/13/1985,,5/8,,30299279,Y,
836,10/3/2003,,5/8,,77172550,Y,
837,6/21/1985,,5/8,,30299243,Y,
838,6/21/1985,,5/8,,30299247,Y,
839,5/12/1987,,5/8,,29972582,Y,
840,6/1/1987,,5/8,,29972845,Y,
841,8/25/1994,,5/8,,32360754,Y,
842,7/29/1996,,5/8,,41525787,Y,
842,9/1/2004,,5/8,,32360884,Y,
843,6/1/1987,,5/8,,29972816,Y,
844,3/14/2002,,5/8,,74436434,Y,
845,6/1/1987,,5/8,,29972953,Y,
845,4/6/2010,,5/8,,86508901,Y,MIU
846,6/27/1988,,5/8,,32400318,Y,
846,2/6/2020,,5/8,,36518822,Y,
847,6/1/1987,,5/8,,29972955,Y,
848,3/18/1986,,5/8,,29576225,Y,
849,7/29/1996,,5/8,,41525766,Y,
850,6/1/1987,,5/8,,29972879,Y,
851,6/1/1987,,5/8,,29972951,Y,
852,9/25/1974,,5/8,,1104901,Y,
853,6/1/1987,,5/8,,29972956,Y,
854,9/27/1974,,5/8,,1102606,Y,
854,9/28/2017,,5/8,,10067240,Y,
855,3/13/2003,,5/8,,28989603,Y,
856,6/27/1988,,5/8,,32400320,Y,
857,1/14/1972,,5/8,,11685982,Y,
858,6/9/1988,,5/8,,32400340,Y,
858,4/25/2006,,5/8,,74436497,Y,
859,7/23/1996,,5/8,,41525762,Y,
860,6/9/1988,,5/8,,32400341,Y,
861,7/14/1997,,5/8,,42802670,Y,
861,2/28/2008,,5/8,,84548687,Y,
861,4/16/2019,,5/8,,36505052,Y,
862,8/27/1991,,5/8,,32214021,Y,
863,6/9/1988,,5/8,,32400339,Y,
863,6/24/2021,,5/8,,11246229,Y,
864,4/16/1999,,5/8,,9433835,Y,
865,6/28/1988,,5/8,,32400370,Y,
866,7/26/1996,,5/8,,41525757,Y,
867,6/10/1988,,5/8,,32400337,Y,
868,11/16/1979,,5/8,,2025838,Y,
869,7/21/1988,,5/8,,32400352,Y,
869,10/11/2006,,5/8,,43772964,Y,
869,2/4/2019,,5/8,,36505041,Y,
870,6/13/1988,,5/8,,32400342,Y,
870,4/4/2019,,5/8,,36505046,Y,
871,4/23/1985,,5/8,,29577895,Y,
872,6/13/1988,,5/8,,32400333,Y,
872,2/21/2019,,5/8,,36505049,Y,
873,2/8/1999,,5/8,,42369359,Y,
874,6/13/1988,,5/8,,32400344,Y,
874,5/16/2005,T10,5/8,,29972647,Y,
874,5/25/2010,T10,5/8 3/4,,1481913428,Y,
875,6/13/1988,,5/8,,32400345,Y,
876,12/30/1985,,5/8,,29576251,Y,
876,3/19/2008,,5/8,,84548685,Y,
877,6/29/1988,,5/8,,32400369,Y,
878,3/21/2002,,5/8,,29955146,Y,
879,11/5/1986,,5/8,,29576280,Y,
880,6/13/1988,,5/8,,32400335,Y,
881,4/13/1992,,5/8,,32360782,Y,
882,4/11/1986,,5/8,,29576336,Y,
883,10/16/1997,,5/8,,42802659,Y,
884,3/8/2002,,5/8,,74436496,Y,
885,10/20/1999,,5/8,,43772985,Y,
885,5/3/2008,,5/8,,85835025,Y,
885,11/12/2009,,5/8,,86508907,,
886,6/10/1988,,5/8,,32400336,Y,
887,3/19/2002,,5/8,,30299294,Y,
888,6/15/1988,,5/8,,32400330,Y,
889,4/4/2000,,5/8,,41525727,Y,
890,9/6/2002,,5/8,,77031285,Y,
891,6/14/1988,,5/8,,32400379,Y,
891,9/25/2006,,5/8,,29955178,Y,
892,6/14/1988,,5/8,,32400327,Y,
893,6/16/1988,,5/8,,32360807,Y,
893,9/12/2012,,5/8,,91124662,Y,
894,3/7/2000,,5/8,,43773007,Y,
895,6/14/1988,,5/8,,32400326,Y,
896,6/27/1988,,5/8,,32400322,Y,
896,9/17/2007,,5/8,,82929472,Y,
897,6/14/1988,,5/8,,32400328,Y,
898,12/30/1985,,5/8,,29576253,Y,
898,4/1/2016,,5/8,,68756374,Y,
899,6/16/1988,,5/8,,32360812,Y,
899,10/23/2009,,5/8,,41525738,,
900,7/20/1988,,"1""",,289342358,Y,
900,12/14/2015,,"1""",,47949579,,
900,6/6/2023,,"5/8""",,12240902,Y,
901,12/30/1985,,5/8,,29576255,Y,
902,7/23/1996,,5/8,,41525758,Y,
902,5/11/2022,,5/8,,12240858,Y,
903,6/28/1988,,5/8,,32400368,Y,
904,6/29/1988,,5/8,,32400366,Y,
905,3/19/2002,,5/8,,50702835,Y,
905,12/28/2019,,5/8,,36518820,Y,
906,6/17/1988,,5/8,,32360804,Y,
907,8/20/2002,,5/8,,29972847,Y,
907,12/11/2009,,5/8,,86508902,Y,
908,8/24/1988,,5/8,,32222004,Y,
909,6/29/1988,,5/8,,32400372,Y,
909,8/24/2007,,5/8,,82929465,Y,
910,3/29/2000,,5/8,,41525733,Y,
910,9/26/2023,,5/8,,12240959,Y,
911,3/19/2002,,5/8,,30299198,Y,
912,6/16/1988,,5/8,,32360810,Y,
913,6/20/1988,,5/8,,32360820,Y,
913,9/7/2006,,5/8,,80305283,Y,
914,9/9/1999,,5/8,,43772984,Y,
915,10/27/1989,,5/8,,32360885,Y,
916,3/12/1981,,5/8,,79041468,N,
916,3/16/2006,,5/8 T10,,32214024,N,
917,7/25/2001,,5/8,,41525711,Y,
917,7/24/2014,,5/8,,94598598,Y,
918,1/30/2002,,5/8,,32400353,Y,
919,6/30/1988,,5/8,,32400375,Y,
920,6/29/1988,,5/8,,32400373,Y,
921,4/16/2003,,5/8,,28914522,Y,
922,6/15/1988,,5/8,,32360813,Y,
923,6/16/1988,,5/8,,32360811,Y,
924,6/16/1988,,5/8,,32360806,Y,
924,4/19/2021,,5/8,,10464592,Y,
925,6/17/1988,,5/8,,32360809,Y,
926,6/24/1988,,5/8,,32360770,Y,
927,6/20/1988,,5/8,,32360821,Y,
928,6/20/1988,,5/8,,32360819,Y,
929,6/24/1988,,5/8,,32400325,Y,
930,6/23/1988,,5/8,,32360768,Y,
931,6/23/1988,,5/8,,32360767,Y,
932,6/30/1988,,5/8,,32360824,Y,
933,1/7/2002,,5/8,,41525736,Y,
934,6/3/1970,,5/8,,7289588,Y,
935,6/20/1988,,5/8,,32360814,Y,
936,6/20/1988,,5/8,,32360822,Y,
937,6/13/1990,,5/8,,32214047,Y,
938,6/21/1988,,5/8,,32360823,Y,
938,2/19/2016,,5/8,,68756376,,
939,6/21/1988,,5/8,,32360815,Y,
940,6/21/1988,,5/8,,32360817,Y,
941,6/21/1988,,5/8,,32360818,Y,
942,4/13/2000,,5/8,,41525712,Y,
943,7/20/2020,0,5/8,,10067236,,
944,6/27/1988,,5/8,,32400319,Y,
945,10/18/2002,,5/8,,77031343,Y,
946,6/21/1988,,5/8,,32360816,Y,
946,3/3/2004,,5/8,,32400331,Y,
947,6/21/1988,,5/8,,32360773,Y,
947,4/4/2018,,5/8,,36518808,Y,
948,6/19/1985,,5/8,,30299343,Y,
949,6/24/1988,,5/8,,32400324,Y,
950,6/20/1988,,5/8,,32360765,Y,
951,6/21/1988,,5/8,,32360769,Y,
952,12/12/2002,,5/8,,29577863,Y,
953,10/30/1985,,5/8,,29576239,Y,
954,6/23/1988,,5/8,,32360766,Y,
955,3/12/2002,,5/8,,74436500,Y,
956,6/29/1988,,5/8,,32400374,Y,
957,6/21/1988,,5/8,,32360771,Y,
958,6/21/1988,,5/8,,32360772,Y,
958,6/14/2022,,,,12240876,,
959,6/22/1988,,5/8,,32360764,Y,
960,1/23/2002,,5/8,,74436438,Y,
961,2/8/2002,,5/8,,41525752,Y,
962,1/21/1988,,5/8,,29955333,Y,
962,4/1/2009,,5/8,,76477313,Y,
962,9/27/2023,,5/8,,12240958,Y,
963,9/19/1990,,5/8,,30299175,Y,
964,6/27/1988,,5/8,,32400321,Y,
965,6/27/1988,,5/8,,32400317,Y,
966,6/11/2000,,5/8,,41525708,N,
967,9/12/1994,,5/8,,32360756,Y,
968,4/10/1986,,5/8,,30299211,N,
968,8/13/2018,,5/8,,36505035,Y,
969,9/20/1990,,5/8,,32214037,Y,
970,9/20/1990,,5/8,,32214038,Y,
971,9/20/1990,,5/8,,32214032,Y,
972,9/20/1990,,5/8,,32214035,Y,
973,9/20/1990,,5/8,,32214039,Y,
974,9/20/1990,,5/8,,32360798,Y,
975,8/25/1989,,"1""",,33754207,N,
976,9/20/1991,,5/8,,32214022,Y,
977,8/30/2002,,5/8,,77031287,N,
977,9/6/2016,,5/8,*REINSTALLED*,77031287,,
978,4/11/1986,,5/8,,30299212,Y,
979,8/26/1994,,,,38906154,Y,
979,9/20/2007,,"1""",,49071339,Y,
979,3/5/2010,,,,,,
979,10/20/2014,,,,53125149,,
979,1/1/2021,,1,,10580592,Y,
980,4/10/1986,,5/8,,30299215,N,
981,4/10/1986,,5/8,,30299209,Y,
982,11/1/1995,,5/8,,32360844,Y,
983,6/20/2002,,"1""",,46149579,Y,
983,10/22/2008,,"1""",,5144277,Y,
984,4/10/1956,,5/8,,30299214,Y,
984,4/5/2013,,5/8,,91124669,Y,
985,8/19/2002,,5/8,,76477337,Y,
985,1/14/2008,,5/8,,84548688,Y,
985,4/23/2008,,5/8,,84548692,Y,
986,1/31/1989,,5/8,,32360881,Y,
987,6/13/1990,,5/8,,32214048,Y,
987,3/2/2005,,5/8,,80305292,Y,
988,1/12/1998,,5/8,,43772958,Y,
989,9/3/2003,,5/8,,30299270,N,
989,3/6/2023,,5/8,,12240871,,
990,6/13/1990,,5/8,,32360799,Y,
991,4/17/1995,,5/8,,32360752,Y,
991,10/1/2021,,5/8,,11246225,Y,
992,2/1/1999,,,,60155850,N,
992,3/9/2004,,5/8,,41525729,,
993,12/18/1989,,5/8,,32360790,N,
994,8/18/1986,,"1""",,30854462,Y,
995,2/28/1989,,1 1/4,,31566774,N,
995,10/3/2004,,1-1/4,Meter Head Chnged,31566774,,
995,6/22/2021,,1 1/2,,61166004,Y,
996,2/14/1989,,1 1/2,,31573450,N,
996,10/3/2004,,1-1/2,Meter Head Chngd.,31573450,,
997,11/26/1984,,5/8,,29186685,Y,
998,5/15/1992,,5/8,,30189836,Y,
998,3/9/2004,,5/8,,30299368,Y,
999,12/21/1989,,5/8,,32400358,N,
999,11/8/2011,,5/8,,88753559,,
1000,7/20/1994,,"1""",,38906140,Y,
1001,3/21/1996,,5/8,,32360892,N,
1002,8/19/2002,,5/8,,29577888,N,
1003,7/22/1988,,5/8,,32221997,Y,
1004,7/14/1997,,5/8,,42802665,Y,
1005,4/21/1999,,5/8,,4377301,Y,
1006,7/23/1996,,5/8,,41525759,Y,
1007,8/23/2002,,5/8,,42802611,N,
1008,9/10/2001,,"1""",,47457527,Y,
1009,1/1/2003,,,,188543,,
1009,9/20/2005,,"1""",,49071339,Y,
1010,10/25/1990,,5/8,,32214029,N,
1010,6/4/2004,,5/8,,77172552,,
1010,9/4/2005,,1 1/2,,60423084,,
1011,10/16/1995,,1 1/2,,60001237,N,
1012,1/9/2003,,5/8,,48726715,N,
1013,1/24/2000,,5/8,,43772981,N,
1013,1/29/2014,,5/8,,93384649,,
1013,2/24/2015,,5/8,,93384645,,
1014,10/29/1999,,5/8,,32400357,N,
1014,1/21/2021,,1,,10582865,,
1015,3/18/1996,,5/8,,32360889,N,
1016,5/1/2003,,5/8,,30299601,N,
1017,11/6/1984,,5/8,,29577891,Y,
1018,8/18/1975,,"3""",,755110522,N,
1018,8/13/2007,,"2"" T10",,60541116,,
1019,2/26/2002,,5/8,,29972902,Y,Frozen - Removed 4/8/11
1019,4/8/2011,,5/8,,86508905,Y,
1020,9/21/1983,,1 1/2,,29009117,N,
1020,2/13/2004,T10,1/1/2,,31958410,Y,
1021,11/5/2001,,1 1/2,,60270278,N,
1021,10/9/2006,,1 1/2,,60470470,N,
1021,9/1/2011,,1-1/2,,60001237,Y,
1021,11/29/2011,,55/8 /3/4,,87638121,,
1022,4/7/1986,,5/8,,30299558,N,
1022,3/14/2006,,5/8,,30299183,Y,
1023,4/7/1986,,5/8,,30189830,N,
1024,7/6/1981,,"1""",,00788518,N,
1024,9/18/2007,,,,51274142,N,
1025,4/7/1986,,5/8,,30189835,N,
1026,4/10/1986,,5/8,,29955308,N,
1027,9/14/1988,,"1""",,33218806,N,
1028,8/31/1999,,1 1/2,,43772982,Y,
1028,10/30/2018,,5/8,,43772982,Y,Verified Meter Size - JG
1029,5/1/1999,,5/8,,43773012,Y,
1030,10/13/1998,,5/8,,43773008,N,
1031,4/25/1986,,5/8,,29972675,N,
1031,9/13/2007,,5/8,,82929469,,
1031,3/24/2009,,5/8,,43772977,,
1032,10/1/1998,,,,44729351,Y,
1033,9/8/1998,,"1 1/2""",,60063700,N,
1034,12/14/1998,,5/8,,43773013,Y,
1035,3/4/2003,,5/8,,32400346,Y,
1035,12/1/2021,,5/8,,12240890,Y,
1036,6/11/1998,,"1 1/4""",,47936037,N,
1036,8/28/2007,,"1""",,51274143,Y,
1037,11/6/1989,,"1""",,34237766,Y,
1037,7/28/2023,,"1""",,14796899,Y,
1038,12/8/1998,,"2""",,60152277,N,
1039,4/20/1987,,"1""",,29671616,N,
1039,9/18/2007,,"1""",,51274141,,
1040,4/4/1984,,1 1/2,,29017138,N,
1040,9/13/2007,,1 1/2,,1441330,,
1041,7/24/2002,,5/8,,76477319,Y,
1042,3/19/2002,,5/8,,74436437,Y,
1043,4/14/1988,,5/8,,20972802,Y,
1043,1/14/2016,,5/8,,68756377,Y,
1044,4/1/1986,,5/8,,30299588,Y,
1044,3/11/2011,,5/8,,88753556,Y,MIU
1045,4/1/1986,,5/8,,30299586,Y,
1045,1/28/2019,,5/8,,36505036,Y,
1046,4/1/1986,,5/8,,30299585,Y,
1046,11/20/2020,,5/8,,10582864,Y,
1047,11/29/1984,,5/8,,29972651,Y,
1047,12/22/2008,,5/8,,29972668,Y,
1048,6/28/2002,,5/8,,29972631,N,
1049,4/1/1986,,5/8,,30299570,N,
1050,4/1/1986,,5/8,,30299580,N,
1051,10/14/1988,,5/8,,32221998,N,
1052,5/1/1987,,"1""",,28922579,Y,
1053,12/7/2002,,5/8,,32360805,Y,
1053,1/10/2018,,5/8,,10067247,Y,
1054,5/19/1993,,5/8,,32360762,Y,
1054,7/9/2011,,5/8,T10,88753561,Y,
1054,6/14/2016,,5/8,,94598605,Y,
1054,4/24/2017,,5/8,,68756371,Y,
1054,3/21/2018,,5/8,,36518813,Y,
1055,9/1/1992,,5/8,,32360776,,
1055,2/10/2004,T10,5/8,,32360791,Y,
1055,5/13/2015,,,,94598596,,
1055,3/28/2022,,5/8,,12240855,Y,
1056,11/1/1985,,5/8,,29576218,N,
1056,5/25/2005,T10,5/8,,29972634,Y,
1057,10/1/2001,,5/8,,41525732,Y,
1058,6/13/1988,,5/8,,29972577,N,
1058,4/19/2007,Pro read,5/8,,78326442,,
1058,4/21/2015,,5/8,,94598590,Y,
1059,10/9/1996,,5/8,,41525794,Y,
1060,7/10/1987,,"1""",,32316568,N,
1061,3/31/1986,,5/8,,20299569,Y,
1062,3/5/2002,,5/8,,74436497,N,
1062,8/2/2005,T10,5/8,,29955164,,
1062,4/21/2015,,,,,,
1063,6/3/1998,,5/8,,43772964,Y,
1064,4/1/1986,,5/8,,30299576,N,
1065,4/29/1987,,5/8,,50702836,Y,
1065,9/28/2017,,5/8,,10067241,Y,
1066,11/8/1994,,5/8,,32360866,Y,
1066,1/26/2007,,5/8,,32400329,,
1066,9/16/2008,,5/8,,85835021,Y,
1066,1/29/2014,,5/8,,85835019,,
1067,6/13/1973,,"1""",,12028348,N,
1067,9/18/2007,,"1""",,49382575,,
1068,12/17/1976,,1 1/2,,08315912,N,
1068,9/21/2007,,1 1/2,,60553892,,
1069,2/27/2003,,5/8,,28914524,Y,Meter rem/water off 12/04
1069,5/26/2011,,5/8,,88753558,Y,
1070,7/16/2003,,1 1/2,,10022630,N,
1070,2/17/2016,,1 1/2,,60270278,,
1071,12/31/2002,,5/8,,28914548,N,
1072,9/12/1994,,5/8,,32360864,N,
1073,4/23/1997,,5/8,,41525703,Y,
1074,7/23/1992,,5/8,,29972868,Y,
1074,7/8/2015,,5/8,,94598593,,
1075,1/25/1999,,5/8,,32360852,Y,Frozen - replaced 2/1/10
1075,2/1/2010,,5/8,,86508906,Y,Frozen - replaced 1/28/13
1075,1/28/2013,,5/8,,91124676,Y,Frozen - replaced 2/12/13
1075,2/12/2013,,5/8,,91124677,Y,
1075,11/25/2013,,5/8,,93384644,Y,"Fire, Meter Replaced"
1076,3/23/1998,,5/8,,42802614,Y,
1077,4/17/1995,,5/8,,29972861,Y,
1078,4/7/1986,,5/8,,30299618,Y,
1079,9/4/2003,,5/8,,29577864,Y,
1080,8/26/1994,,5/8,,32360868,Y,
1081,3/1/1986,,5/8,,30299578,Y,
1081,9/18/2009,,5/8,,30189869,Y,
1082,3/31/1986,,5/8,,30299577,Y,Meter removed 9/22/09
1083,4/25/1986,,5/8,,30299335,Y,
1084,4/25/1986,,5/8,,29972670,Y,
1085,4/25/1986,,5/8,,29972672,Y,
1086,11/16/1993,,1 1/2,,31886196,Y,
1087,9/10/2001,,"1""",,48424997,Y,
1088,4/25/1986,,5/8,,30299331,N,
1088,4/25/2006,,5/8,,30299587,Y,
1088,11/2/2006,,5/8,,30299311,,
1089,4/25/1986,,5/8,,30299333,N,
1089,3/2/2005,,5/8,,32360877,Y,
1090,4/25/1986,,5/8,,299727670,N,
1090,11/2/2006,,5/8,,30299311,,
1090,12/4/2023,,5/8,,15308475,,
1091,10/19/2001,,"2""",,60265008,,
1092,4/23/1992,,5/8,,32360779,Y,
1092,1/25/2018,,5/8,,10067248,Y,
1093,3/21/2002,,5/8,,29972860,Y,
1094,8/30/1994,,5/8,,32360868,Y,
1095,12/11/1996,,5/8,,41525705,Y,
1095,3/3/2005,T10,5/8,,29972652,Y,
1096,7/15/1994,,1 1/2,,31926771,Y,
1097,12/22/1994,,5/8,,32360840,Y,
1098,12/22/1994,,5/8,,32360841,Y,
1099,7/26/1996,,5/8,,41525760,Y,
1100,2/10/1995,,5/8,,32360838,Y,
1101,4/4/2002,,5/8,,32360757,Y,
1102,2/22/1995,,5/8,,32360839,Y,
1103,7/26/1996,,5/8,,41525765,Y,
1104,3/20/1998,,5/8,,42802657,N,
1105,4/1/1996,,5/8,,41525764,Y,
1106,5/28/1997,,5/8,,42802667,Y,
1107,5/28/1997,,5/8,,41525698,Y,
1108,8/5/1997,,5/8,,428026666,Y,
1109,5/14/2003,,5/8,,77031347,Y,
1109,4/19/2023,,5/8,,12240901,Y,
1110,5/12/1997,,5/8,,41525704,Y,
1111,7/29/1997,,5/8,,42802669,Y,
1112,9/9/1999,,5/8,,43772978,Y,
1113,7/20/2000,,5/8,,41525710,Y,
1114,5/11/2000,,5/8,,41525714,Y,
1114,3/1/2021,,5/8,,10464595,,
1115,9/22/2000,,5/8,,41525715,Y,
1116,9/13/1999,,1 1/2,,60155851,N,
1116,11/16/2016,,1 1/2,,60553894,N,
1117,9/27/2000,,"1""",,32316569,N,
1118,9/27/2000,,"1""",,32316570,N,
1118,11/14/2016,,,,68756369,,
1119,2/1/2000,,5/8,,32400365,Y,
1120,8/1/1996,,5/8,,41525763,,
1121,1/23/2001,,5/8,,41525713,Y,
1122,7/20/2000,,5/8,,41525709,Y,
1123,11/3/1987,,5/8,,32400351,N,
1123,8/17/2020,,5/8,,10067235,,
1124,6/15/2001,,5/8,,29972908,Y,
1124,4/16/2019,,5/8,,36505050,Y,
1125,7/10/2001,,5/8,,74436502,Y,
1126,7/9/2001,,5/8,,74436495,Y,
1127,7/13/2001,,5/8,,74436433,Y,
1128,7/10/2001,,5/8,,74436503,Y,
1129,8/14/2001,,5/8,,74436428,Y,
1130,10/17/2001,,5/8,,74436424,Y,
1131,8/29/2001,,5/8,,74436499,Y,
1132,10/11/2001,,5/8,,29972900,Y,
1133,11/1/2001,,5/8,,41525749,Y,
1134,10/19/2001,,5/8,,74436427,Y,
1135,9/19/2001,,5/8,,29972907,Y,
1136,11/15/2001,,5/8,,41525750,N,
1137,11/20/2001,,5/8,,41525754,Y,
1138,2/20/2002,,5/8,,41525755,Y,
1139,3/26/2001,,5/8,,32360781,N,
1140,7/3/1986,,5/8,,30299531,Y,
1141,7/9/2001,,5/8,,74436498,Y,
1142,3/14/2002,,5/8,,74436431,Y,
1143,5/23/2002,,5/8,,32360835,Y,
1144,5/31/2002,,5/8,,32214023,N,
1145,3/28/2002,,5/8,,41525697,Y,
1146,7/23/2002,,5/8,,76477321,N,
1147,7/11/2002,,5/8,,3029931,Y,
1148,5/20/2002,,5/8,,32360871,Y,
1149,7/24/2002,,5/8,,76477318,Y,
1150,7/24/2002,,5/8,,76477313,Y,
1150,10/9/2008,,5/8,,84548690,Y,
1151,7/23/2002,,5/8,,29376175,Y,
1152,7/24/2002,,5/8,,29576344,Y,
1153,7/24/2002,,5/8,,76477312,Y,
1154,7/12/2002,,5/8,,29576246,Y,
1155,7/24/2002,,5/8,,76477314,Y,
1156,7/23/2002,,5/8,,76477317,Y,
1157,7/23/2002,,5/8,,30299264,Y,
1158,7/24/2002,,5/8,,74436435,Y,
1159,7/26/2002,,5/8,,76477336,Y,
1160,8/2/1995,,5/8,,32360849,Y,
1161,8/30/2002,,5/8,,77031282,Y,
1161,9/6/2016,,5/8,*REINSTALLED*,77031282,,
1162,9/24/2002,,5/8,,77031351,Y,
1162,8/1/2022,,5/8,,12440877,Y,
1163,10/7/2002,,5/8,,77031348,Y,
1164,4/25/1986,,5/8,,29972673,N,
1165,11/1/2018,,2,,31665190,,verified by JG this date
1166,11/1/2018,,4,,31934986,,Verified by JG this date
1167,11/1/2018,,4,,31934986,,verified by JG this date
1174,12/13/2006,T10,"5/8""",Rear bldg.,30299235,,
1174,9/2/2009,,5/8,,29972651,,
1174,6/30/2014,T10,"5/8""",,94598605,,
1175,11/1/2018,,2,,31946379,,verified by JG this date
1176,3/17/2003,,5/8,,29576243,Y,
1177,4/23/2003,,5/8,,29955169,Y,
1178,4/23/2003,,5/8,,30299176,Y,
1179,3/17/2003,,5/8,,43772957,Y,
1180,4/23/2003,,5/8,,29955317,Y,
1181,4/23/2003,,5/8,,3029954,Y,
1182,4/23/2003,,5/8,,29955306,Y,
1183,3/18/2003,,5/8,,37765777,Y,
1183,4/19/2007,ProRead,5/8,,80305287,Y,
1184,4/16/2003,Badger,"2""",,26492717,N,
1184,3/18/2010,Badger,"2""",,60305192,Y,11/8/10  pulled for winte
1184,3/30/2011,Badger,"2""",,60305192,,verified by JG 11/14/18
1190,8/15/2003,T10,5/8,,29377907,Y,
1191,8/15/2003,T10,5/8,,30299338,Y,
1193,8/15/2003,T10,5/8,,29955336,Y,
1194,6/29/2005,T10,"1""",,48424997,Y,
1198,6/30/2004,,5/8,,30299332,,
1200,12/23/2004,,5/8,,32360816,Y,Removed 10/13/06
1208,4/7/2005,,"1""",,9316128,,Removed 10/27/06
1208,4/4/2008,,"1""",,51484274,,Pulled for winter 11/24/0
1208,3/18/2010,,"1""",,51484274,,Meter installed
1208,11/8/2010,,"1""",,51484274,,Pulled for winter
1208,3/30/2011,,"1""",,51484274,,Meter installed
1211,9/1/2004,T10,5/8,,32360855,,
1211,6/23/2010,T10,5/8,,86508904,Y,MIU
1212,10/16/2004,,1 1/2,,900248,,
1213,2/11/2005,,5/8,,29577911,,
1214,10/12/2005,T10,5/8,,30299250,Y,
1215,3/12/2005,,5/8,,32214048,Y,
1216,3/3/2005,T10,"5/8""",,43772986,Y,
1217,3/16/2006,,5/8 T10,,29577889,Y,
1217,11/11/2021,,5/8,,12240886,Y,
1219,4/23/2006,,5/8,,32360848,Y,
1226,12/1/2006,,5/8,,80305288,Y,
1229,4/25/2006,,5/8,,41525788,Y,
1232,9/24/2007,,"2""",,60541117,,
1234,4/7/2007,,5/8,,82929467,Y,
1234,5/19/2017,,5/8,,10067244,Y,
1235,11/18/2020,,5/8,,10067229,,
1238,5/17/2007,,5/8x3/4,T10,37765777,N,
1238,4/3/2008,,5/8,,30299331,,Pulled for winter 11/09
1238,3/18/2010,,5/8 T10,,32360866,,Meter In
1238,11/8/2010,,5/8,,32360866,,Meter Pulled for winter
1238,3/30/2011,,5/8,,32360866,,Meter In
1238,9/24/2014,,5/8 T-10,,94598599,,
1238,5/14/2018,,5/8,,36518811,,
1239,9/2/2009,,5/8,,,,
1241,9/24/2007,T19,"2""",,60541117,Y,
1244,1/14/2008,,5/8,,84548688,Y,
1246,6/23/2008,,5/8,,85835018,Y,
1247,4/25/1986,,5/8,,29972644,,
1249,6/3/2008,,5/8,,85835026,Y,
1253,7/14/1997,ARB,,,42802665,Y,
1272,6/23/2008,,5/8,,85835018,Y,
1272,6/23/2021,,5/8,,11246267,Y,
1279,10/11/2010,,5/8,,86508909,Y,miu
1280,6/21/2010,T10,5/8,,86508903,Y,MIU
1282,11/8/2010,,"1-1/2""",,60553895,,Pulled for winter
1282,3/30/2011,,1-1/2,,60553895,,Meter Installed
1289,11/23/2011,,5/8 T10,,87638115,Y,
1290,11/23/2011,,5/8 T10,,87638123,Y,
1291,11/23/2011,,5/8 T10,,88753564,Y,
1292,12/6/2011,,"5/8""",,87638122,Y,
1294,12/6/2011,,"5/8""",,87638120,Y,
1295,12/6/2011,,"5/8""",,87638114,Y,
1295,9/24/2014,,5/8,,94598599,,
1295,11/7/2022,,5/8,,12240865,Y,
1296,12/20/2011,,"5/8""",,88753565,Y,
1297,12/5/2011,,"5/8""",,91124603,Y,
1298,12/8/2011,,"5/8""",,87638116,Y,
1299,12/8/2011,,"5/8""",,91124605,Y,
1300,12/8/2011,,"5/8""",,91124607,Y,
1301,12/8/2011,,"5/8""",,91124608,Y,***PULLED 04/17/19***
1301,9/17/2019,,5/8,,91124608,Y,RE-INSTALLED 09/17/19
1302,12/9/2011,,"5/8""",,91124600,Y,
1303,12/8/2011,,"5/8""",,91124606,Y,
1304,1/19/2012,,"1"" T10",,49793184,Y,New meter
1305,4/30/2012,,5/8,,91124659,Y,
1307,9/26/2012,,5/8 T10,,91124674,Y,
1307,5/9/2022,,5/8,,12240864,Y,
1310,11/30/2011,,5/8  T10,,87638119,Y,
1311,11/30/2011,,5/8,,87638119,Y,
1313,11/30/2011,,5/8,,87638119,Y,
1316,5/23/2012,,5/8,,91124667,Y,
1318,5/23/2012,,5/8,,91124668,Y,
1320,1/25/2013,,5/8  T10,,87638117,Y,
1321,1/25/2013,,5/8  T10,,87638117,Y,
1322,2/1/2013,,5/8,,91124660,Y,
1326,9/12/2013,,5/8,,91124671,Y,
1332,2/28/2014,,5/8,,93384640,Y,
1332,6/8/2017,,5/8,,10067246,Y,
1333,9/10/2014,,5/8,,94598603,,
1336,6/8/2015,T-10,5/8,Nibco,94598594,,
1338,6/18/2015,,,,94598595,,
1340,10/13/2015,,,,32400352,,Temporary Meter
1340,12/23/2015,,,,68756380,,New Meter
1342,6/18/2015,,5/8,,94598595,,
1343,4/7/2016,,5/8,,68756375,,
1345,5/27/2016,,5/8,,68756372,,
1351,12/14/2016,,5/8,,68756368,,
1352,12/14/2016,,,,68756361,,
1353,9/22/2016,,5/8,,68756363,Y,
1354,9/22/2016,,5/8,,68756363,Y,
1355,6/5/2017,,5/8,,10067245,,
1359,10/1/2008,,,,5144277,Y,
1360,7/10/2018,,5/8,,68756364,,
1362,4/7/2016,,5/8,,68756375,Y,
1362,12/27/2022,,,,12240869,,
1363,3/25/2019,,5/8,,36505043,Y,
1364,3/25/2019,,5/8,,36505044,Y,
1365,12/5/2019,,5/8,,36518826,Y,
1366,12/13/2019,,5/8,,36518819,Y,
1367,2/4/2020,,5/8,,36518821,Y,
1368,1/5/2021,,5/8,,10582862,,
1372,4/13/2021,,5/8,,10464596,,
1373,4/6/2021,,5/8,,10464590,,
1374,5/13/2021,Irrigation Mete,5/8,,11246270,Y,
1375,5/17/2021,,5/8,,11246264,Y,
1376,5/14/2021,,5/8,,1548039102,Y,
1377,7/9/2021,,5/8,,10582866,,Irrigation Meter
1378,10/25/2021,,5/8,,11246227,Y,irrigation meter
1379,4/13/2022,irrigation,5/8,,12240857,Y,
1380,5/9/2022,,5/8,,12240863,Y,
1381,5/11/2022,,5/8,,12240859,Y,
1383,10/19/2022,,5/8,,12240882,Y,
1386,8/24/2022,,5/8,,12240881,Y,
1388,8/30/2022,,"1""",,13196850,Y,
1389,4/10/2023,irrigation mtr,5/8,,12240896,Y,
1390,5/4/2023,,5/8,,12240874,Y,
1392,5/4/2023,,5/8,,12240873,Y,
1393,5/4/2023,,5/8,,12240897,Y,
1394,5/8/2023,,5/8,,12240895,Y,
