"BANK","TX  ","OLDBK","DESC                                ","BADDR                           ","B2ADDR                          ","BCITYST                         ","CONTACT                       ","PHONE           " 
"006","    ","    ","COLLINSVILLE SAVINGS BANK           ","250 ALBANY TPKE                 ","PO BOX 350                      ","CANTON CT                       ","HEATHER DRUCE                 ","860-693-6936    " 
"009","    ","    ","FARMINGTON BANK                     ","ONE FARM GLEN BLVD              ","                                ","FARMINGTON CT 06032             ","SHEILA PARKER                 ","860-284-6642    " 
"019","    ","    ","MCCUE MORTGAGE COMPANY              ","ONE LIBERTY SQUARE              ","P.O. BOX 1000                   ","NEW BRITAIN CT 06050            ","DONNA BARBIERI                ","18003820017X403 " 
"025","    ","    ","NORTHWEST COMMUNITY BANK            ","86 MAIN STREET                  ","P.O. BOX 1019                   ","WINSTED CT 06098                ","TAMMY BATTISTONI              ","860-379-7561X326" 
"030","    ","    ","ROCKVILLE BANK                      ","PO BOX 660                      ","                                ","VERNON ROCKVILLE  CT 06066      ","BETTY FONTANEZ                ","860-291-3646    " 
"031","    ","    ","LIBERTY                             ","55 HIGH ST                      ","                                ","MIDDLETOWN CT 06457             ","DONNA HIGGINS                 ","860-638-2962    " 
"032","    ","    ","EASTERN CT SAVINGS BANK             ","ATTN: LOAN SERVICE              ","257 MAIN STREET                 ","NORWICH CT 06360                ","STEPHANIE WHITNET             ","860-889-7381    " 
"035","    ","    ","TORRINGTON SAVINGS BANK             ","129 MAIN STREET                 ","P.O. BOX 478                    ","TORRINGTON CT 06790             ","ALTHEA B HABERERN             ","860-4962152X3013" 
"037","    ","    ","WINDSOR FEDERAL SAVINGS             ","250 BROAD STREET                ","PO BOX 250                      ","WINDSOR CT 06095-9982           ","EDROSA RECATO                 ","860-6888511X2253" 
"040","101 ","    ","THOMASTON SAVINGS BANK              ","203 MAIN STREET                 ","P.O. BOX 907                    ","THOMASTON CT 06787-9989         ","CLAIRE L BRICKETT             ","860-283-3115X21 " 
"041","    ","    ","LITCHFIELD BANCORP                  ","294 WEST STREET                 ","PO BOX 997                      ","LITCHFIELD CT 06759-9984        ","MARY SWEENEY                  ","860-567-1591X309" 
"042","    ","    ","HARTFORD FCU                        ","964 ASYLUM AVENUE               ","                                ","HARTFORD, CT 06105              ","KEISHA PALMER                 ","860-527-6663X205" 
"043","    ","    ","SALISBURY BANK & TRUST CO           ","5 BISSELL STREET                ","PO BOX 1868                     ","LAKEVILLE CT 06039              ","NICOLE MINARA                 ","860-435-9801    " 
"047","    ","    ","CHFA                                ","999 WEST STREET                 ","PO BOX 4005                     ","ROCKY HILL, CT                  ","KELLY LONG                    ","18005339208X295 " 
"052","102 ","    ","MILFORD BANK THE                    ","SERVICING DEPARTMENT            ","33 BROAD STREET                 ","MILFORD CT 06460-9918           ","SHARON R MACKENZIE            ","203-783-5744    " 
"054","101 ","    ","NEWALLIANCE BANK                    ","LOAN SERVICING DEPARTMENT       ","195 CHURCH STREET               ","NEW HAVEN  CT  06510            ","LORI BURWELL                  ","860-789-2515    " 
"055","102 ","    ","VILLAGE MORTGAGE COMPANY            ","PARIS PARK, UNIT D              ","21 PROSPECT                     ","TORRINGTON CT 06790             ","                              ","860-482-7378    " 
"056","    ","    ","FAIRFIELD COUNTY BANK               ","150 DANBURY ROAD                ","PO BOX 2050                     ","RIDGEFIELD CT  06877            ","PAULINE FRANKEL               ","203-431-7474    " 
"057","101 ","    ","NORWICH COMMERCIAL GROUP            ","38 SECURITY DR                  ","                                ","AVON CT 06001                   ","MELISSA ROSARIO               ","860-606-0546    " 
"059","    ","    ","NEWTOWN SAVINGS BANK                ","39 MAIN STREET                  ","                                ","NEWTOWN  CT  064700497          ","ARLETTE WALKER                ","800-461-0672    " 
"060","    ","    ","DIME LOAN SERVICING CORP            ","290 SALEM TURNPIKE              ","PO BOX 70                       ","NORWICH CT 06360                ","HARRIET GRIFFITH              ","860-859-4300    " 
"061","    ","    ","SAVINGS BANK OF DANBURY             ","                                ","                                ","                                ","                              ","                " 
"062","    ","    ","APPLE VALLEY BANK & TRUST           ","286 MAPLE AVENUE                ","                                ","CHESHIRE CT 06410               ","SUE PELLETIER                 ","203-271-1268    " 
"063","    ","    ","PEOPLES BANK- BANK OF SUFFIELD      ","                                ","                                ","                                ","                              ","                " 
"064","    ","    ","DUTCH POINT CREDIT UNION INC        ","MORTGAGE SERVICING DPT          ","195 SILAS DEANE HIGHWAY         ","WETHERSFIELD CT 06109           ","DONNA BOUCHARD                ","8008421778 X208 " 
"065","102 ","    ","UNION SAVINGS BANK                  ","ATTN: TAX ESCROW DEPARTMENT     ","PO BOX 526                      ","DANBURY  CT  06813              ","                              ","                " 
"066","    ","    ","360 FEDERAL CREDIT UNION            ","PO BOX 273                      ","                                ","WINDSOR LOCKS  CT  06096        ","                              ","                " 
"067","    ","    ","CHELSEA GROTON BANK                 ","904 POQUONNOCK ROAD             ","PO BOX 869                      ","GROTON  CT 06340                ","                              ","860-448-4100    " 
"068","    ","    ","ION BANK                            ","1430 NEW HAVEN ROAD             ","PO BOX 370                      ","NAUGATUCK  CT  06770            ","SUSAN PRONOVOST               ","203-720-5371    " 
"069","102 ","    ","UNITED BANK                         ","855 ENFIELD STREET              ","                                ","ENFIELD CT 06082                ","JASON CARR                    ","860-512-2487    " 
"070","    ","    ","GUILFORD SAVINGS BANK               ","ONE PARK STREET                 ","PO BOX 369                      ","GUILFORD CT  06437              ","                              ","                " 
"071","101 ","    ","FAIRFIELD COUNTY BANK               ","150 DANBURY ROAD                ","                                ","RIDGEFIELD CT  06877            ","                              ","                " 
"072","101 ","    ","SIKORSKY CREDIT UNION               ","1000 ORONOQUE LANE              ","                                ","STRATFORD CT 06614              ","                              ","203-377-2252    " 
"073","    ","    ","AMERICAS FIRST NETWORK CREDIT UNION ","92 PITKIN ST                    ","                                ","EAST HARTFORD CT 06108          ","860-291-0345                  ","                " 
"074","    ","    ","CONNEX CREDIT UNION                 ","PO BOX 477                      ","ATTN MORTGAGE DEPT              ","NORTH HAVEN CT 06473            ","CAROLYN MINICUCCI X 2015      ","203-603-5700    " 
"075","    ","    ","AVON 46                             ","PO BOX 4438                     ","                                ","NEW YORK NY 10163               ","                              ","                " 
"099","    ","    ","NOT DEFFERED                        ","                                ","                                ","                                ","                              ","                " 
"101","101 ","    ","CORELOGIC                           ","1 FIRST AMERICAN WAY            ","ESCROW REPORTING                ","WESTLAKE  TX  76262             ","                              ","800-969-8787    " 
"102","102 ","    ","LERETA LLC                          ","TAX DISBERSMENT TEAM            ","1123 SOUTH PARKVIEW DRIVE       ","COVINA CA  91724                ","CUSTOMER CARE                 ","888-534-5283    " 
"105","    ","    ","                                    ","                                ","                                ","                                ","                              ","                " 
"106","106 ","    ","LPS PROPERTY TAX SOL                ","TAX BILL PROCESSING             ","3100 NEW YORK DR ST#100         ","PASADENA CA  91107              ","BRUCE JOHNSON                 ","877-791-4948    " 
"107","107 ","    ","WELLS FARGO RE TAX SERVICES         ","MAC X2302-04D                   ","ONE HOME CAMPUS                 ","DES MOINES IA 50328             ","                              ","18004994829     " 
"111","101 ","    ","CL TAX SERV-COMMERCIAL              ","1 CORELOGIC DRIVE               ","                                ","WESTLAKE  TX  76262             ","ZABRINA HOOD                  ","817-699-8003    " 
"209","101 ","    ","ASTORIA FEDERAL SAVINGS             ","2000 MARCUS AVENUE              ","                                ","LAKE SUCCESS NY 11042           ","PEGGY HARTWICK                ","516-535-8535    " 
"213","101 ","    ","BANK OF AMERICA                     ","C/O HOME FOCUS                  ","6053 S FASHION SQUARE DR,ST#200 ","MURRAY UT  84107                ","VICKI JUNIEWICZ               ","1-800-899-7160  " 
"223","101 ","    ","PHH MORTGAGE                        ","95 METHODIST HILL DRIVE         ","SUTIE 400                       ","ROCHESTER NY 14623              ","SANDRA PARRISH                ","585-321-0918    " 
"224","101 ","    ","CENTRAL LOAN ADMINISTRATION         ","150 CIVIC CENTER DR             ","STE 500                         ","SANDY  UT  84070                ","KATHLEEN SINISGALLI           ","801-284-4600    " 
"229","101 ","    ","CITIZENS ONE HOME LOANS             ","FKA: CCO MORTGAGE CORP          ","                                ","                                ","                              ","                " 
"230","101 ","    ","CHASE                               ","1 CORELOGIC DRIVE               ","                                ","WESTLAKE  TX 76262              ","KATHERINE PFEIL               ","817-699-3016    " 
"231","101 ","    ","CAPITAL ONE, N.A.                   ","fka: Chevy Chase Federal        ","1 CORELOGIC DRIVE               ","WESTLAKE  TX  76262             ","BARBARA HOLBERT               ","817-699-2916    " 
"234","497 ","    ","AMERICAN MORTGAGE SERVICING         ","                                ","                                ","                                ","                              ","                " 
"237","101 ","    ","BANK OF AMERICA                     ","                                ","2380 PERFORMANCE DR BLDG C      ","RICHARDSON, TX                  ","                              ","                " 
"245","101 ","    ","DOVENMUEHLE MORTGAGE INC            ","95 METHODIST HILL DRIVE         ","                                ","ROCHESTER  NY  14623            ","MARY DENNER                   ","585-321-6635    " 
"246","101 ","    ","EMIGRANT MORTGAGE COMPANY           ","5 EAST 42ND STREET              ","FLOOR 7                         ","NEW YORK NY 10017               ","MICHAEL SHEAHAN               ","212-850-4948    " 
"248","101 ","    ","FIDELITY BANK                       ","100 EAST ENGLISH                ","BOX 1007                        ","WICHITA KS 067201               ","CINDY HESSLER                 ","316-268-7378    " 
"249","101 ","    ","FIFTH THIRD BANK                    ","1 CORELOGIC DRIVE               ","                                ","WESTLAKE  TX  76262             ","KEN STILES                    ","817-699-3324    " 
"254","101 ","    ","FLAGSTAR BANK                       ","1 CORELOGIC WAY                 ","                                ","WESTLAKE, TX  76262             ","CEDRIC                        ","817-699-5743    " 
"255","101 ","    ","CHASE                               ","fka:  washington mutual         ","1 CORELOGIC DRIVE               ","WESTLAKE  TX  76262             ","MIKE MCKINNEY                 ","817-699-3016    " 
"259","101 ","    ","GMAC MORTGAGE CORPORATION           ","1 FIRST AMERICAN WAY            ","                                ","WESTLAKE  TX  76262             ","DARLENE SMITH                 ","817-699-2886    " 
"261","101 ","    ","HSBC/INSOURCED PORTFOLIO OPERATIONS ","2929 WALDEN AVE                 ","                                ","DEPEW  NY 14043                 ","TINA GAWRONSKI                ","716-651-1497    " 
"262","101 ","    ","HSBC - 1ST MORTGAGE                 ","1 CORELOGIC DRIVE               ","                                ","WESTLAKE  TX  76262             ","TAMMY SALTER                  ","817-699-2704    " 
"263","101 ","    ","GMAC (BRANDED)                      ","fka: HOMECOMING FINANCIAL       ","                                ","WESTLAKE TX  76262              ","DARLENE SMITH                 ","817-699-2886    " 
"266","101 ","    ","HUNTINGTON MORTGAGE CORPORATION     ","95 METHODIST DRIVE              ","                                ","ROCHESTER  NY  14623            ","MARY DENNER                   ","585-321-6635    " 
"267","101 ","    ","JAMES B NUTTER AND COMPANY          ","4026 CENTRAL                    ","                                ","KANSAS CITY MO 64111            ","VALERIE ROACH                 ","18008869632     " 
"275","101 ","    ","M & T BANK                          ","95 METHODIST HILL DRIVE         ","                                ","ROCHESTER  NY 14623             ","KELLI PEIFER                  ","585-321-6626    " 
"278","101 ","    ","ENVISION BANK                       ","10 CABOT PLACE                  ","LOAN SERVICING                  ","STOUGHTON MA 02072              ","LOAN SERIVCING                ","781-573-1384    " 
"279","101 ","    ","SN SERVICING CORP                   ","323 FIFTH ST                    ","ESCROW DEPARTMENT               ","EUREKA CA 95501                 ","                              ","                " 
"280","101 ","    ","RESI CAP                            ","3630 PEACHTREE RD NE STE 1500   ","MIKE STOCK                      ","ATLANTA GA 30326                ","MIKE STOCK                    ","404-382-7327    " 
"281","101 ","    ","BSI FINANCIAL SERVICES              ","314 S. FRANKLIN ST              ","CARRIE GRAMS                    ","TITUSVILLE PA 16354             ","CARRIE GRAMS                  ","814-827-4661    " 
"282","101 ","    ","SERVICE MAC LLC                     ","95 METHODIST HILL DR            ","                                ","ROCHESTER NY 14623              ","                              ","                " 
"283","    ","    ","DOLLAR BANK SERV CNTR-AKA MORTG SERV","AKA:  MORTGAGE SERVICE CENTER   ","PO BOX 8469                     ","CANTON  OH  44711               ","CONNIE HELSON                 ","330-455-5600    " 
"284","101 ","    ","PNC MORTGAGE                        ","fka: NATIONAL CITY MORTGAGE     ","3232 NEWMARK DRIVE              ","MIAMISBURG  OH  45343           ","WENDY WHETSTONE               ","937-910-3669    " 
"285","101 ","    ","ARVEST CENTRAL MORTGAGE COMPANY     ","801 JOHN BARROW RD              ","LISA LOUDERMILK                 ","LITTLE ROCK AR 72205            ","                              ","                " 
"286","101 ","    ","UNITED SHORE                        ","585 SOUTH BLVD EAST             ","                                ","PONTIAC MI 48341                ","                              ","                " 
"287","101 ","    ","NAVY FEDERAL                        ","820 FOLLIN LANE                 ","                                ","VIENNA VA 22180                 ","LASHELL JAMES                 ","703-206-4391    " 
"288","101 ","    ","PNC                                 ","3001 HACKBERRY RD               ","                                ","IRVING TX 75063                 ","                              ","                " 
"289","101 ","    ","REGIONS MORTGAGE                    ","95 METHODIST HILL DR STE 100    ","KRISTINA GOODWIN                ","ROCHESTER NY 14623              ","KRISTINA GOODWIN              ","585-321-6622    " 
"290","101 ","    ","OCWEN LOAN SERVICING, LLC           ","1661 WORTHINGTON ROAD           ","STE 100                         ","WEST PALM BEACH  FL  33409      ","MATTHEW KUNKLEMAN             ","561-682-8110    " 
"291","101 ","    ","NEW YORK COMMUNITY BANK - OHIO      ","Formally Ohio Savings Bank      ","1 CORELOGIC DRIVE               ","WESTLAKE  TX  76262             ","JASON BENAVIDEZ               ","817-699-2666    " 
"292","101 ","    ","BAYCOAST BANK                       ","330 SWANSEA MALL DR             ","ATTN DEBRA CLYNES               ","SWANSEA MA 02777                ","DEBRA CLYNES                  ","508-675-4327    " 
"293","    ","    ","OPTION ONE MORTGAGE CORPORATION     ","PO BOX 13922                    ","                                ","DURHAM  NC  27709               ","                              ","877-283-0046    " 
"294","101 ","    ","UNIBANK FOR SAVINGS                 ","49 CHURCH ST                    ","ATTN KERI NASIF                 ","WHITINSVILLE MA 01588           ","KERI NASIF EXR 1055           ","508-234-8112    " 
"295","101 ","    ","UNION HOME MORTGAGE                 ","6444 MONROE ST                  ","ATTN ANDREA BAER                ","SYLVANIA OH 43560               ","ANDREA BAER                   ","800-441-3456    " 
"305","101 ","    ","CITIMORTGAGE INC                    ","95 METHODIST HILL DRIVE         ","SUITE 100                       ","ROCHESTER NY 14623              ","ROCHESTER OUTSOURCING         ","585-321-6627    " 
"306","101 ","    ","SANTANDER BANK, N.A.                ","CORELOGIC TAX SERVICE           ","                                ","                                ","CAREY SHEPARD                 ","800-969-8787    " 
"309","101 ","    ","NUTMEG STATE FCU                    ","                                ","                                ","                                ","                              ","                " 
"310","101 ","    ","LOAN DEPOT                          ","3001 HACKBERRY RD               ","                                ","IRVING TX 75063                 ","JESSE LANGSTRETH              ","949-575-5541    " 
"312","101 ","    ","TOTAL MORTGAGE SOLUTIONS LP         ","1555 W WALNUT HILL LN           ","#200A                           ","IRVING  TX 75038                ","STEPHANIE BENNETT             ","972-582-5939    " 
"313","    ","    ","ULSTER SAVINGS BANK                 ","P O BOX 3337                    ","                                ","KINGSTON NY 12402               ","JANET KOZMA                   ","860-440-0391    " 
"315","101 ","    ","WEBSTER BANK                        ","MULTIPLE ADDRESSES              ","                                ","                                ","                              ","801-284-4600    " 
"323","    ","    ","BLACK KNIGHT FINANCIAL              ","                                ","                                ","                                ","                              ","516-862-4527    " 
"329","102 ","    ","BSI FINANCIAL                       ","314 S FRANKLIN STREET           ","                                ","TITUSVILLE PA 16354             ","MONICA SAWATSKY               ","814-827-4661    " 
"330","    ","    ","COVIUS MORTGAGE SOLUTIONS           ","12410 E MIRABEAU PKWY           ","SUITE 100                       ","SPOKANE VALLEY WA 99216         ","abigail.clark@covius.com      ","509-327-634     " 
"331","102 ","    ","AMIP MANAGEMENT                     ","                                ","                                ","                                ","                              ","                " 
"333","101 ","    ","VALLEY NATIONAL BANK                ","                                ","                                ","                                ","                              ","                " 
"335","101 ","    ","PENTAGON FEDERAL CREDIT UNION       ","1001 NORTH FAIRFAX STREET       ","                                ","ALEXANDRIA VA 22314             ","KIMBERLY DIEDE                ","703-838-1320    " 
"338","101 ","    ","ABN AMRO MORTGAGE GROUP INC         ","ATTN:  CAROL PITZER             ","4242 N HARLEM AVE               ","NORRIDGE IL 60706               ","CAROL PITZER                  ","708-583-7760    " 
"339","101 ","    ","BANK OF W MA - RE                   ","C/O CHITTENDEN BANK             ","2 BURLINGTON SQUARE             ","BURLINGTON VT 05401             ","CONNIE WOODWORTH              ","802-6607362     " 
"342","102 ","    ","AMERICAN AIRLINES FCU               ","                                ","                                ","                                ","                              ","                " 
"348","102 ","    ","BANK OF ENGLAND MTG                 ","                                ","                                ","                                ","                              ","                " 
"349","102 ","    ","GREGORY FUNDING LLC                 ","                                ","                                ","                                ","                              ","                " 
"350","101 ","    ","TD BANK                             ","32 CHESTNUT STREET              ","                                ","LEWISTON ME 04240               ","SHANNON POULIN                ","207-755-4140    " 
"351","102 ","    ","GUARDIAN MORTGAGE                   ","                                ","                                ","                                ","LERETA                        ","                " 
"354","101 ","    ","LITTON LOAN SERVICING               ","1 FIRST AMERICAN WAY            ","                                ","WESTLAKE TX  76262              ","ADRIANA AVILA                 ","817-699-2685    " 
"358","101 ","    ","BAC TAX SERVICES                    ","2375 N GLENVILLE DR             ","BLDG A                          ","RICHARDSON TX 75082             ","APRIL STEPHENS                ","972-498-5172    " 
"363","101 ","    ","DIGITAL FCU                         ","ATTN: ROBERTA THOMAS            ","220 DONALD LYNCH BLVD           ","MARLBOROUGH, MA 01752           ","ROBERTA THOMAS                ","508-804-9111    " 
"364","101 ","    ","ONEWEST BANK MTG SERV               ","FKA: INDYMAC MTG SERV           ","6900 BEATRICE DRIVE             ","KALAMAZOO, MI 49009-8070        ","MARYANN CAGEL                 ","269-353-2302    " 
"366","101 ","    ","PROVIDENT FUNDING                   ","1235 N DUTTON AVE               ","SUITE E                         ","SANTA ROSA CA 95401             ","LORETTA GONNELLA              ","800-6968199X870 " 
"369","497 ","    ","SUNTRUST MORTGAGE                   ","C/O VALUTREE RE SERVICE         ","1001 SEMMES AVE RVW3166         ","RICHMOND VA 23224               ","CORETTA SHELTON-LANEHART      ","804-319-2518    " 
"370","    ","    ","BEAL BANK                           ","6000 LEGACY DRIVE               ","ESCROW ADMINISTRATION           ","PLANO TX 75024                  ","SHEBA BROWN                   ","(469) 467-5322  " 
"372","102 ","    ","METRO CITY BANK                     ","                                ","                                ","                                ","                              ","                " 
"373","106 ","    ","AMC MORTGAGE SERVICES               ","3100 NEW YORK DRIVE             ","SUITE 100                       ","PASADENA CA 91107               ","KAREN ROBERTS                 ","626-345-3538    " 
"375","102 ","    ","CTX MORTGAGE COMPANY                ","                                ","                                ","                                ","                              ","                " 
"376","102 ","    ","GREENPOINT MORTGAGE                 ","                                ","                                ","                                ","                              ","                " 
"377","102 ","    ","EMC MORTGAGE CORP                   ","                                ","                                ","                                ","                              ","                " 
"379","101 ","    ","EASTERN BANK                        ","151 CAMPANELLI DRIVE            ","                                ","MIDDLEBOROUGH MA  02346         ","CATHY KEMP                    ","508-946-6761    " 
"380","101 ","    ","USAA FEDERAL SAVINGS BANK           ","ATTN: SONYA TURNER - TAX        ","8435 STEMMONS FREEWAY           ","DALLAS, TX 75247                ","SONYA TURNER                  ","214-879-5484    " 
"386","101 ","    ","WACHOVIA MORTGAGE                   ","6053 FASHION SQUARE DRIVE       ","                                ","MURRAY UT 84107                 ","VICKI JUNIEWICZ               ","801-284-4600    " 
"387","102 ","    ","THE SERVION GROUP                   ","901 CORPORATE DRIVE             ","                                ","POMONA, CA 91768                ","                              ","                " 
"392","101 ","    ","AURORA LOAN SERVICES                ","                                ","                                ","                                ","CEDRIC HAGGERTY               ","817-699-5743    " 
"395","102 ","    ","SELECT PORTFOLIO SERV INC           ","P O BOX 65250                   ","                                ","SALT LAKE CITY, UT 84165-0250   ","BRIAN                         ","1-866-2048953   " 
"397","102 ","    ","CENTRAL MORTGAGE COMPANY            ","                                ","                                ","                                ","                              ","                " 
"398","101 ","    ","EQUITY ONE                          ","PO BOX 13912                    ","                                ","DURHAM  NC  27709               ","                              ","866-818-1278    " 
"400","101 ","    ","THOMASTON SAVINGS BANK              ","CORELOGIC                       ","                                ","                                ","                              ","                " 
"401","101 ","    ","TAYLOR BEAN & WHITAKER              ","1417 N MAGNOLIA AVENUE          ","                                ","OCALA FL 34475-9078             ","CARLOS A VEGA                 ","352369620011370 " 
"403","101 ","    ","VIRTUAL BANK                        ","MORTGAGE LOAN SERV              ","3801 PGA BLVD, STE 700          ","PALM BEACH GARDENS, FL 33410    ","                              ","561-775-6867    " 
"404","101 ","    ","US BANK HOME MORTGAGE               ","FKA: US BANCORP/USAA            ","150 CIVIC CENTER DRIVE          ","SANDY  UT  84070                ","                              ","(801) 284-4600  " 
"406","    ","    ","HOMEQ SERVICING                     ","PO BOX 13909                    ","                                ","DURHAM NC 27709-9548            ","                              ","866-259-5641    " 
"408","102 ","    ","BANKUNITED                          ","7815 NW 148TH STREET            ","TAX DEPARTMENT                  ","MIAMI LAKES FL 33016            ","LILLIAN F PECK                ","305-231-6419    " 
"409","106 ","    ","SAXON MORTGAGE SERVICES INC         ","3100 NEW YORK DRIVE             ","SUITE 100                       ","PASADENA CA 91107               ","KAREN ROBERTS                 ","626-345-3538    " 
"412","106 ","    ","AMERICAS SERVICING COMPANY          ","1 HOME CAMPUS                   ","MAC X2509-02C                   ","DES MOINES IA 50328             ","AMANDA HOLLANDER              ","515-324-0507    " 
"413","101 ","    ","MIDWEST LOAN SERV INC               ","616 SHELDON AVE STE 300         ","                                ","HOUGHTON  MI  49931             ","DONNA POISSON                 ","906-483-4360    " 
"416","101 ","    ","INZURA SETTLEMENT SERVICES          ","15253 AVENUE OF SCIENCE         ","BLDG 2                          ","SAN DIEGO CA 92128              ","JANE ROETHLER                 ","858-451-7365    " 
"417","101 ","    ","BAYVIEW LOAN SERVICING LLC          ","4425 PONCE DE LEON BLVD         ","5TH FLOOR                       ","CORAL GABLES FL 33146           ","ANGELA DORMER                 ","305-341-5616    " 
"418","102 ","    ","TIAA BANK                           ","                                ","                                ","                                ","                              ","800-537-3821    " 
"419","102 ","    ","LOANCARE SERVICING CENTER INC       ","(ALSO WITH CORELOGIC 101)       ","INTERSTATE CORP CENTER BLDG 9   ","NORFOLK VA 23502                ","CHRIS POSTON                  ","7578931375      " 
"420","101 ","    ","NATIONWIDE ADVANTAGE MORTGAGE CO    ","1100 LOCUST STREET DPT 2009     ","                                ","DES MOINES  IA 50391            ","VAL CERRETTI-WATSON           ","515-508-7810    " 
"422","101 ","    ","WEICHERT FINANCIAL                  ","225 LITTLETON ROAD              ","                                ","MORRIS PLAINS NJ 07950          ","CHRISTINA BUENO               ","973-605-1510    " 
"423","106 ","    ","MOREQUITY                           ","3100 NEW YORK DRIVE             ","SUITE 100                       ","PASADENA  CA  91107             ","KAREN ROBERTS                 ","(626) 345-3538  " 
"426","106 ","    ","EMC MORTGAGE CORP                   ","                                ","                                ","                                ","                              ","                " 
"427","102 ","    ","UPS CAPITAL BUSINESS CREDIT         ","                                ","                                ","                                ","                              ","                " 
"428","101 ","    ","CHITTENDEN                          ","2 BURLINGTON SQUARE             ","PO BOX 820                      ","BURLINGTON VT 05401             ","SUSAN LING                    ","802-660-1563    " 
"429","101 ","    ","CITIFINANCIAL MORTGAGE CO           ","95 METHODIST HILL DRIVE         ","SUITE 100                       ","ROCHESTER NY  14623             ","PATRICK GURDGIEL              ","585-321-6867    " 
"432","101 ","    ","TRUHOME SOLUTIONS                   ","                                ","9777 RIDGE DRIVE                ","LENEXA KS 66219                 ","DEBBIE BOLES                  ","913-981-1730    " 
"433","101 ","    ","US ALLIANCE CU                      ","ATTN: SHANDA IACONO             ","159 OVERLAND RD                 ","WALTHAM MA 02454                ","SHANDA IACONO X2211           ","800-2754        " 
"435","    ","    ","FIRST PALM FINANCIAL SERV           ","6675 CORPORATE CENTER PKWY      ","#340                            ","JACKSONVILLE FL  32216          ","ANN MACKEY                    ","904-281-5353    " 
"438","101 ","    ","FREEDOM MORTGAGE C/O LOANCARE       ","3637 SENTARA WAY                ","SUITE 303                       ","VIRGINIA BEACH  VA 23452        ","CHRIS POSTON                  ","757-893-1375    " 
"439","101 ","    ","BANK OF THE WEST                    ","1 CORELOGIC DR                  ","                                ","WESTLAKE TX                     ","SYLVIA MOORE                  ","817-699-2159    " 
"440","102 ","    ","SELECT PORTFOLIO SERVICING, INC     ","10401 DEERWOOD PARK BLVD        ","2ND FLOOR                       ","JACKSONVILLE  FL  32256         ","KATHI DUNN                    ","(904) 854-8657  " 
"442","102 ","    ","WELLS FARGO-CAPITAL MARKETS         ","                                ","                                ","                                ","                              ","                " 
"443","102 ","    ","WILSHIRE CREDIT CORP INC            ","                                ","                                ","                                ","                              ","                " 
"446","101 ","    ","HOMESELECT SETTLEMENT SOL           ","1 CORELOGIC DRIVE               ","                                ","WESTLAKE  TX  76262             ","TONY MOLINAR                  ","817-699-2710    " 
"447","102 ","    ","CALIBER HOME LOANS                  ","FKA VERICREST FINANCIAL         ","                                ","                                ","LERETA                        ","                " 
"448","101 ","    ","USDA/RURAL DEVELOPMENT              ","4300 GOODFELLOW BLVD            ","BLDG 105E                       ","ST LOUIS  MO  63120             ","SHONDA COLEMAN                ","314-457-5899    " 
"449","102 ","    ","UNITED BANK                         ","95 ELM STREET                   ","PO BOX 9020                     ","WEST SPRINGFIELD, MA  010909020 ","                              ","413-788-5599    " 
"450","101 ","    ","AVELO MORTGAGE                      ","                                ","                                ","                                ","                              ","                " 
"451","101 ","    ","HOME LOANS SERVICES                 ","                                ","                                ","                                ","RASHAD MOORE                  ","817-699-2159    " 
"453","101 ","    ","WESTLAKE SETTLEMENT SERV            ","1 FIRST AMERICAN WAY            ","                                ","WESTLAKE TX  76262              ","DEBRA D. LEWIS                ","817-699-2753    " 
"454","    ","    ","POPULAR MORTGAGE SERVICING          ","PO BOX 13912                    ","                                ","DURHAM NC 27709                 ","                              ","866-818-1278    " 
"456","101 ","    ","SAXON MORTGAGE                      ","                                ","                                ","                                ","ERIC O'STEEN                  ","817-699-2872    " 
"458","    ","    ","LITTON                              ","PO BOX 13930                    ","                                ","DURHAM NC  27709                ","                              ","866-656-7675    " 
"459","106 ","    ","UBS AG NEW YORK BRANCH              ","DBA UBS SPECIAL                 ","3100 NEW YORK DRIVE             ","PASADENA CA  91107              ","                              ","949-265-1848    " 
"460","101 ","    ","BB&T MORTGAGE                       ","301 COLLEGE STREET              ","ATTN ANGELA THOMAS              ","GREENVILLE  SC 29601            ","ANGELA THOMAS                 ","864-242-8798    " 
"461","101 ","    ","PARK NATIONAL BANK                  ","11 WEST MADISON ST              ","                                ","OAK PARK  IL 60302              ","LESLIE IZURIETA               ","708-358-2295    " 
"462","101 ","    ","SALEM FIVE                          ","210 ESSEX STREET                ","                                ","SALEM  MA  01970                ","LISA SANDLER                  ","978-720-5280    " 
"463","101 ","    ","PRODOVIS MORTGAGE                   ","600 SIX FLAGS DRIVE             ","STE 250                         ","ARLINGTON TX  76011             ","DANIELLE DUBBERLY             ","817-635-8309    " 
"464","101 ","    ","RESIDENTIAL CREDIT SOLUTIONS        ","1 FIRST AMERICAN WAY            ","DFW 5-4                         ","WESTLAKE TX 76262               ","NIKKI AYERS                   ","817-699-2698    " 
"465","101 ","    ","PEOPLES UNITED BANK                 ","422 IMB RD  BLDG 863            ","                                ","WILLISTON  VT  05495            ","LORI KASUPSKI                 ","802-872-6659    " 
"466","101 ","    ","GUARANTY BANK                       ","4000 WEST BROWN DEER RD         ","                                ","BROWN DEER  WI 53209            ","LASONIA VIRGIL                ","414-362-4533    " 
"467","102 ","    ","POLISH NATIONAL CU                  ","46 MAIN STREET                  ","PO BOX 327                      ","CHICOPEE  MA  01021             ","DANIELLE DUBBERLY             ","817-635-8309    " 
"468","101 ","    ","PENNYMAC                            ","6101 CONDOR DR                  ","                                ","MOORPARK  CA  93021             ","                              ","555-555-5555    " 
"469","    ","    ","THE WASHINGTON TRUST CO             ","23 BROAD STREET                 ","SECONDARY MARKET DEPT           ","WESTERLY  RI   02891            ","CINDY GARDNER                 ","401-348-1298    " 
"470","102 ","    ","IBM LENDER BUSINESS PROCESS SERV    ","                                ","                                ","                                ","                              ","                " 
"471","101 ","    ","BERKSHIRE BANK                      ","66 WEST STREET                  ","                                ","PITTSFIELD  MA  01201           ","DIANE CIEMNIEWSKI             ","413-447-1702    " 
"472","101 ","    ","HSBC - CONSUMER                     ","1 CORELOGIC DRIVE               ","                                ","WESTLAKE TX  76262              ","                              ","817-699-2704    " 
"473","101 ","    ","ROUNDPOINT MORTG SERV               ","5032 PARKWAY PLAZA              ","B-8 STE 200                     ","CHARLOTTE NC  28217             ","ANDREW KNOWLES                ","704-426-8823    " 
"474","101 ","    ","AMERICAN BANK                       ","9001 EDMONSTON ROAD             ","                                ","GREENBELT  MA  20770            ","JOE BONACCORSY                ","301-315-6517    " 
"475","101 ","    ","US BANK                             ","555 SW OAK STREET               ","PL#7                            ","PORTLAND  OR 97228              ","SHARON HARRISON               ","503-275-8190    " 
"476","    ","    ","FIRST EASTERN MORTGAGE CORP         ","100 BRICKSTONE SQUARE           ","                                ","ANDOVER  MA  01810              ","KAREN BOHNE                   ","978-749-3100    " 
"477","    ","    ","COMMERICAL BANK                     ","PO BOX 400                      ","                                ","HARROGATE  TN  37752            ","KATHY EDENS                   ","423-869-5152    " 
"478","101 ","    ","US BANK HOME MORTGAGE               ","4801 FREDERICA STREET           ","ATTN: TAX DEPARTMENT            ","OWENSBORO  KY  42301            ","                              ","                " 
"479","101 ","    ","QUICKEN LOANS                       ","1050 WOODWARD AVE               ","                                ","DETROIT  MI  48226              ","KIMBERLY BAKER                ","313-373-4915    " 
"480","101 ","    ","GR 879 NORCOM MTG                   ","142 NORTH ROAD                  ","SUITE G                         ","SUDBURY  MA  01776              ","                              ","978-371-0500    " 
"481","102 ","    ","GREEN PLANET SERVICING              ","10 RESEARCH PARKWAY             ","SUITE 2                         ","WALLINGFORD CT 06492            ","STEPHANIE LEWANDOSKI          ","203-265-5090    " 
"482","101 ","    ","PRESIDENTIAL BANK                   ","4520 EAST-WEST HIGHWAY          ","                                ","BETHESDA  MD  20814             ","PAM  X2222                    ","301-652-1616    " 
"483","    ","    ","ING MORTGAGE                        ","                                ","PO BOX 30                       ","ST CLOUD  MN  56302             ","                              ","888-464-4355    " 
"484","101 ","    ","BANK NEWPORT                        ","500 WEST MAIN ROAD              ","                                ","MIDDLETOWN  RI 02842            ","PAT OAKLEY X8774              ","401-845-8774    " 
"485","101 ","    ","KEY BANK                            ","PO BOX 514                      ","6950 S TRANSIT ROAD             ","LOCKPORT  NY 14095              ","GAINN PALACHUVATTIL           ","877-932-3422    " 
"486","101 ","    ","KEY BANK (FNA: FIRST NIAGRA)        ","239 VAN RENSSELAER              ","                                ","BUFFALO  NY  14210              ","RACHEL JOHNSON                ","716-849-8123    " 
"487","    ","    ","UKRAINIAN FED CRED UNION            ","824 RIDGE ROAD EAST             ","                                ","ROCHESTER  NY 14621             ","MARY WITTERS                  ","585-544-9518    " 
"488","101 ","    ","MMS MORTGAGE SERVICE LTD            ","38275 12 MILE RD                ","STE 100                         ","FARMINGTON  MI 48331            ","KAREN NAYH                    ","800-945-4506    " 
"489","101 ","    ","SPECIALIZED LOAN SERVICING          ","1 CORELOGIC DR                  ","DFW 5-4                         ","WESTLAKE  TX 76262              ","ARTURO AVILA                  ","817-699-2824    " 
"490","101 ","    ","MIDLAND MORTGAGE                    ","11001 N ROCKWELL AVE            ","                                ","OKLAHOMA CITY  OK 73162         ","                              ","                " 
"491","    ","    ","FIRST NATIONAL BANK OF AMERICA      ","PO BOX 980                      ","                                ","EAST LANSING  MI 48826-4488     ","                              ","517-336-8428    " 
"492","101 ","    ","AVIDIA BANK                         ","42 MAIN ST                      ","                                ","HUDSON  MA  01749               ","JANICE KELLEY                 ","978-562-2222    " 
"493","102 ","    ","SETERUS                             ","                                ","                                ","                                ","LERETA                        ","888-534-5283    " 
"494","101 ","    ","E*TRADE SERVICING CENTER            ","1 CORELOGIC WAY                 ","                                ","WESTLAKE,  TX 76262             ","DEB RANKIN                    ","817-699-3246    " 
"495","101 ","    ","USAA FEDERAL SAVINGS BANK           ","1 CORELOGIC WAY                 ","                                ","WESTLAKE  TX  76262             ","8176992886                    ","                " 
"496","0   ","    ","UNITED BANK & TRUST                 ","209 E RUSSELL ROAD              ","LOAN SERV DEPT                  ","TECUMSEH  MI  49286             ","COURTNEY FISCHER              ","517-423-1574    " 
"497","    ","    ","QBE FIRST                           ","C/O GREEN TREE SERVICING        ","PO BOX 672887                   ","MARIETTA  GA  30006             ","                              ","866-575-7431    " 
"498","101 ","    ","BETHPAGE FEDERAL CREDIT UNION       ","899 SOUTH OYSTER BAY RD         ","                                ","BETHPAGE  NY  11714             ","JOANNE HABIB                  ","800-628-7070    " 
"499","101 ","    ","SELENE FINANCE LLC                  ","1 CORELOGIC DRIVE               ","                                ","WESTLAKE  TX  76262             ","                              ","                " 
"500","101 ","    ","SHELLPOINT MORTGAGE SERV-(RESURG CAP","15 SOUTH MAIN ST, STE 60        ","                                ","GREENVILLE  SC  29601           ","AARON BROOKS                  ","864-248-8726    " 
"501","102 ","    ","GREEN TREE SERVICING LLC            ","                                ","                                ","                                ","                              ","                " 
"502","102 ","    ","COLONIAL SAVINGS                    ","PO BOX 2988  (DEPT 57)          ","                                ","FORT WORTH  TX 76113            ","DOMINIQUE CLAYTON             ","(800) 937-6001 E" 
"503","101 ","    ","COMMERCE BANK & TRUST CO            ","386 MAIN ST                     ","PO BOX 15020                    ","WORCESTER  MA  01608            ","LISA DOMBROWSKI               ","508-797-6895    " 
"504","101 ","    ","COUNTRY BANK FOR SAVINGS            ","15 SOUTH STREET                 ","                                ","WARE  MA  01082                 ","BARBARA NEWTON                ","413-967-6221    " 
"505","101 ","    ","DITECH-OUTSOURCING                  ","FKA: GREEN TREE OUTSOURCING     ","1 CORELOGIC DR                  ","WESTLAKE  TX  76262             ","MIKE MCKINNEY FKA: GREENTREE  ","817-699-3016    " 
"506","101 ","    ","SCHMIDT MORTGAGE COMPANY            ","20545 CENTER RIDGE ROAD         ","                                ","ROCKY RIVER  OH  44116          ","BRUCE LIMPERT                 ","440-356-3242    " 
"507","102 ","    ","RUSHMORE LOAN MANAGEMENT SERV LLC   ","                                ","                                ","                                ","LERETA                        ","888-534-5283    " 
"508","102 ","    ","THIRD FEDERAL SAVINGS AND LOAN      ","                                ","                                ","                                ","LERETA                        ","1-888-534-5283  " 
"509","102 ","    ","CAPITAL MORTGAGE SERVICES OF TEXAS  ","                                ","                                ","                                ","LERETA                        ","1-888-534-5283  " 
"510","102 ","    ","ENVOY MORTGAGE                      ","                                ","                                ","                                ","                              ","                " 
"511","101 ","    ","MB FINANCIAL BANK                   ","FKA: COLE TAYLOR                ","1 CORELOGIC DRIVE               ","WESTLAKE  TX  76262             ","DEB RANKIN                    ","817-699-3246    " 
"512","101 ","    ","CUSTOMERS BANK                      ","                                ","                                ","                                ","                              ","                " 
"513","101 ","    ","LENDERLIVE NETWORK, INC             ","                                ","                                ","                                ","                              ","                " 
"514","101 ","    ","HAMPDEN BANK                        ","                                ","                                ","                                ","                              ","                " 
"515","101 ","    ","NASA FEDERAL CREDIT UNION           ","                                ","                                ","                                ","                              ","                " 
"516","101 ","    ","PACIFIC UNION FINANCIAL             ","                                ","                                ","                                ","                              ","                " 
"517","102 ","    ","BOGMAN INC.                         ","                                ","                                ","                                ","                              ","                " 
"518","101 ","    ","NORCOM MORTGAGE                     ","38 SECURITY DRIVE               ","                                ","AVON CT 06001                   ","MELISSA ROSARIO               ","                " 
"519","101 ","    ","BOK MORTGAGE                        ","7060 SOUTH YALE                 ","2ND FLOOR                       ","TULSA  OK  74136                ","TERRY MARVIN                  ","                " 
"520","101 ","    ","MADISON CREDIT MNGMT SERVICES       ","                                ","                                ","                                ","                              ","                " 
"521","101 ","    ","HOME POINT FINANCIAL CORP           ","95 METHODIST HILL DR            ","STE 100                         ","ROCHESTER  NY  14623            ","CASEY BEELEY                  ","585-321-6809    " 
"522","102 ","    ","UNITED NATIONS FCU                  ","                                ","                                ","                                ","                              ","                " 
"523","101 ","    ","CARRINGTON MORTGAGE SERVICES        ","                                ","                                ","                                ","                              ","                " 
"524","102 ","    ","SENECA MORTGAGE SERVICING           ","                                ","                                ","                                ","                              ","                " 
"525","101 ","    ","PLANET HOME LENDING                 ","95 METHODIST HILL DR            ","                                ","ROCHESTER NY 14623              ","LOUANN REAMER                 ","585-321-6910    " 
"526","102 ","    ","BANK OF INTERNET, USA               ","                                ","                                ","                                ","                              ","                " 
"527","101 ","    ","THE MONEY SOURCE                    ","                                ","                                ","                                ","                              ","                " 
"528","102 ","    ","OLD NATIONAL BANK                   ","                                ","                                ","                                ","                              ","                " 
"529","101 ","    ","CIS FINANCIAL                       ","851 NORTH MILITARY ST           ","                                ","HAMILTON  AL 35570              ","REGINA STANFORD               ","844-272-2637    " 
"530","101 ","    ","SUN WEST MORTGAGE                   ","18000 STUDEBAKE ROAD            ","STE 200                         ","CERRITOS  CA 90703              ","ADELA CHAVEZ                  ","562-924-7884    " 
"531","102 ","    ","FAY SERVICING LLC                   ","                                ","                                ","                                ","                              ","                " 
"532","101 ","    ","FINANCIAL FREEDOM ACQUISITION LLC   ","                                ","                                ","                                ","                              ","                " 
"533","102 ","    ","NEW AMERICAN FUNDING                ","                                ","                                ","                                ","                              ","                " 
"534","101 ","    ","SUTHERLAND GLOBAL SERVICES          ","                                ","                                ","                                ","                              ","                " 
"535","101 ","    ","SUNTRUST MORTGAGE                   ","                                ","                                ","                                ","                              ","                " 
"536","    ","    ","NORTH AMERICAN SAVINGS BANK         ","12520 S 71 HIGHWAY              ","                                ","GRANDVIEW  MO 64030             ","SHARON SZYMANSKI EXT4093      ","800-677-6272    " 
"537","101 ","    ","MR. COOPER                          ","3001 HACKBERRY DR               ","                                ","IRVING TX 75063                 ","                              ","                " 
"538","101 ","    ","LEADER BANK                         ","                                ","                                ","                                ","                              ","                " 
"539","101 ","    ","GUILD MORTGAGE                      ","                                ","                                ","                                ","                              ","                " 
"540","102 ","    ","PATRIOT NATIONAL BANK               ","                                ","                                ","                                ","                              ","                " 
"541","    ","    ","21ST MORTGAGE CORPORATION           ","PO BOX 477                      ","                                ","KNOXVILLE  TN  37901            ","800-955-0021  EXT 1656 CASSIE ","865-292-2120    " 
"542","102 ","    ","VELOCITY COMMERCIAL CAPITAL         ","                                ","                                ","                                ","                              ","                " 
"543","102 ","    ","IDAHO HOUSING & FINANCE ASSOC       ","                                ","                                ","                                ","                              ","                " 
"544","101 ","    ","ANNIEMAC                            ","                                ","                                ","                                ","                              ","                " 
"545","102 ","    ","WESTFIELD BANK                      ","                                ","                                ","                                ","                              ","                " 
"546","101 ","    ","REVERSE MORTGAGE SOLUTIONS          ","                                ","                                ","                                ","                              ","                " 
"547","102 ","    ","CHARTER OAK FEDERAL CREDIT UNION    ","                                ","                                ","                                ","                              ","                " 
"548","101 ","    ","VANDERBILT MORTGAGE & FINANCE       ","                                ","                                ","                                ","                              ","                " 
"549","102 ","    ","HOMEBRIDGE FINANCIAL SERVICES       ","                                ","                                ","                                ","                              ","                " 
"550","102 ","    ","CELINK                              ","                                ","                                ","                                ","                              ","                " 
"551","101 ","    ","INVESTORS BANK                      ","101 WOOD AVE SOUTH              ","ATTN: CARMEN ATALAYA            ","ISELIN  NJ  08830               ","                              ","732-452-7672    " 
"552","101 ","    ","PRIMARY RESIDENTIAL MORTGAGE        ","1725 S BERRY KNOLL BLVD         ","ATTN: REBECCA TIMPSON           ","COLORADO CITY  AZ 86021         ","                              ","800-748-4424    " 
"553","102 ","    ","EASTHAMPTON SAVINGS BANK            ","                                ","                                ","                                ","                              ","                " 
"554","    ","    ","NORTHPOINTE BANK                    ","3333 DEPOSIT DRIVE NE           ","                                ","GRAND RAPIDS  MI                ","                              ","                " 
"555","102 ","    ","NATIONSTAR                          ","                                ","                                ","                                ","                              ","                " 
"556","101 ","    ","GATEWAY MORTGAGE                    ","                                ","                                ","                                ","                              ","                " 
"557","    ","    ","AMERICA'S FIRST NETWORK CREDIT UNION","50 COMMERCE DRIVE               ","                                ","TRUMBULL CT 06611               ","SHERYL AHBORN                 ","203-381-3800    " 
"558","    ","    ","WASHINGTON TRUST COMPANY            ","ATTN: LOAN SUPPORT              ","PO BOX 512                      ","WESTERLY RI 02891               ","LOAN SUPPORT (option 1)       ","401-348-1336    " 
"559","101 ","    ","ENVISION BANK                       ","                                ","                                ","                                ","                              ","                " 
"560","    ","    ","CAPITAL REAL ESTATE TAX SERVICE     ","1300 COMBERMERE DRIVE           ","                                ","TROY MI 48083                   ","NICOLE                        ","800-335-3635    " 
"600","    ","    ","ACAR LEASING LTD                    ","PO BOX 1990                     ","                                ","FORT WORTH TX 76101             ","RUSSELL.STRONG@GMFINANCIAL.COM","817-302-7569    " 
"601","    ","    ","CAB EAST LLC                        ","PO BOX 105704                   ","                                ","ATLANTA GA 30348                ","Cathy.Frick@us.gt.com         ","                " 
"605","1   ","    ","ARI FLEET                           ","4001 LEADENHALL RD              ","                                ","MOUNT LAUREL NJ 08054-4611      ","                              ","                " 
"610","1   ","    ","CAB EAST LLC                        ","PO BOX 105704                   ","C/O STA PROPERTY TAX            ","ATLANTA GA 30348-5704           ","                              ","                " 
"615","1   ","    ","CCAP AUTO LEASE LTD                 ","1601 ELM ST #800                ","                                ","DALLAS TX 75201                 ","                              ","                " 
"620","1   ","    ","DAIMLER TRUST                       ","PO BOX 685                      ","                                ","ROANOKE TX 76262-0685           ","                              ","                " 
"625","    ","    ","DONLEN TRUST                        ","3000 LAKESIDE DR 2ND FLOOR      ","                                ","BANNOCKBURN IL 60015-1229       ","                              ","                " 
"630","1   ","    ","EAN HOLDINGS                        ","8 ELLA GRASSO TNPK              ","C/O B HOKANSON-ENTERPRISE       ","WINDSOR LOCKS CT 06096-1015     ","WILLIAM HOKANSON              ","                " 
"635","    ","    ","EMKAY INC TRUST                     ","805 W THORNDALE AVE             ","                                ","ITASCA IL 60143-1338            ","                              ","                " 
"640","    ","    ","FINANCIAL SERVICE VEHICLE TRUST     ","5550 BRITTON PKWY               ","                                ","HILLIARD OH 43026-7456          ","                              ","                " 
"645","    ","    ","GELCO CORPORATION/GELCO FLEET TR    ","3 CAPITOL DR                    ","                                ","EDEN PRAIRIE, MN 55344-3890     ","                              ","                " 
"650","1   ","    ","HONDA LEASE & TRUST                 ","600 KELLY WAY                   ","                                ","HOLYOKE MA 01040-9681           ","TYLER_KATAYAMA@AHM.HONDA.COM  ","310-972-2255    " 
"655","1   ","    ","HYUNDAI LEASE TITLING TRUST         ","PO BOX 24810                    ","                                ","NASHVILLE TN 37202              ","                              ","                " 
"660","1   ","    ","JP MORGAN CHASE/CHASE AUTO FIN      ","1111 POLARIS PKWY STE A3        ","PROPERTY TAX UNIT               ","COLUMBUS OH 43240-2031          ","                              ","                " 
"665","    ","    ","LEASE PLAN USA INC                  ","1165 SANCTUARY PKWY             ","                                ","ALPHARETTA GA 30009-4738        ","                              ","                " 
"670","1   ","    ","NISSAN INFINITI LT                  ","PO BOX 650214                   ","                                ","DALLAS TX 75265-0214            ","CHERYL CARR                   ","                " 
"675","    ","    ","PETERSON DL TRUST/DL PETERSON       ","940 RIDGEBROOK RD               ","                                ","SPARKS MD 21152-9390            ","                              ","                " 
"680","1   ","    ","PORSCHE LEASING LTD                 ","1 PORSCHE DRIVE                 ","                                ","ATLANTA GA 30354                ","                              ","                " 
"684","    ","    ","TESLA LEASE TRUST                   ","3500 DEER CREEK ROAD            ","                                ","PALO ALTO, CA 94304-1317        ","                              ","                " 
"685","1   ","    ","TOYOTA MOTOR CREDIT/ LEASE TRUST    ","PO BOX 23590                    ","                                ","NASHVILLE TN 37202              ","JORDAN MILLER (RYAN)          ","                " 
"690","    ","    ","USB LEASING LT/US BANK              ","1850 OSBORN AVE                 ","                                ","OSHKOSH, WI 54902-6197          ","                              ","                " 
"695","1   ","    ","VAULT TRUST C/O ALLY FINANCIAL      ","PO BOX 23950                    ","C/O RYAN                        ","NASHVILLE TN 37202-9913         ","                              ","                " 
"700","    ","    ","VCFS AUTO LEASING CO                ","6150 OMNI PARK DRIVE            ","                                ","MOBILE AL 36609-5195            ","                              ","                " 
"705","    ","    ","VW CREDIT LEASING LTD               ","1401 FRANKLIN BLVD              ","                                ","LIBERTYVILLE IL 60048-4460      ","                              ","                " 
"710","    ","    ","WHEELS LT                           ","666 GARLAND PL                  ","                                ","DES PLAINS, IL 60016-4725       ","                              ","847-371-4440    " 
"715","    ","    ","SPECIALTY TRANSPORTATION            ","                                ","                                ","                                ","ELAINET@SPECIALTYBUSCO.COM    ","                " 
