account,name,propaddr,servacctno,serviceaddr,custclass,LB Streetname,propaddrno,streetcode,ParcelID_text,ParcelID_num,
328779,0Neriani Surveying,31-35 Old Farms R,670815,d    00670815Avon,COM,- Old Farms R,,336,3360035,3360035,
328821,021 Arch Rd Assoc Inc,21 Arch Rd,670857,00670857Avon,COM, Arch Rd,21,109,1090021,1090021,
333270,0St Ann Church,289 Arch Rd,675306,00675306Avon,COM, Arch Rd,289,109,1090289,1090289,
329162,0Avon Town Center Llc,21 Arts Center La,671198,ne   00671198Avon,COM, Arts Center La,21,114,1140021,2210021,
333136,0Avon Town Center Llc,23 Arts Center Ct,675172,00675172Avon,COM, Arts Center Ct,23,114,1140023,2210021,
333137,0Avon Town Center Llc - Irrig,23 Arts Center Ct,675173,00675173Avon,COM, Arts Center Ct,23,114,1140023,2210021,
329163,0Farmington Valley Arts Center,25 Arts Center La,671199,ne   00671199Avon,COM, Arts Center La,25,114,1140025,1140025,
333138,0Farm.valley Arts Center,27 Arts Center La,675174,ne   00675174Avon,COM, Arts Center La,27,114,1140027,1140027,
329217,0Robert Hensley & Assoc,10 Avon Meadow La,671253,ne   00671253Avon,COM, Avon Meadow La,10,116,1160010,1160010,
333102,0Avon Meadow Condo Assoc,10 Avon Meadow La,675138,ne   00675138Avon,COM, Avon Meadow La,10,116,1160010,1160010,
329218,"0Corridor Property Mgmt, LLC",20 Avon Meadow La,671254,ne   00671254Avon,COM, Avon Meadow La,20,116,1160020,1160020,
329219,"0ADN Properties, LLC",30 Avon Meadow La,671255,ne   00671255Avon,COM, Avon Meadow La,30,116,1160030,1160030,
329220,0Paul Cryan,40 Avon Meadow La,671256,ne   00671256Avon,COM, Avon Meadow La,40,116,1160040,1160040,
329221,0Aml Prop Of Avon Inc,50 Avon Meadow La,671257,ne   00671257Avon,COM, Avon Meadow La,50,116,1160050,1160050,
329222,0Carbray Properties LLC,60 Avon Meadow La,671258,ne   00671258Avon,COM, Avon Meadow La,60,116,1160060,1160060,
329224,0Amtec,90 Avon Meadow La,671260,ne   00671260Avon,COM, Avon Meadow La,90,116,1160090,1160090,
329225,0Const Billing & Financial Sv,100 Avon Meadow L,671261,ane  00671261Avon,COM, Avon Meadow L,100,116,1160100,1160100,
333748,0Avon Old Farms Hotel,279 Avon Mountain,676890,Rd B00676890Avon,COM, Avon Mountain,279,117,1170279,1170279,
333030,0Avon Old Farms Hotel,279 Avon Mountain,675066,Rd  00675066Avon,COM, Avon Mountain,279,117,1170279,1170279,
333032,0Avon Old Farms Hotel,279 Avon Mountain,675068,Rd  00675068Avon,COM, Avon Mountain,279,117,1170279,1170279,
333031,0Avon Old Farms Hotel,279 Avon Mountain,675067,Rd P00675067Avon,COM, Avon Mountain,279,117,1170279,1170279,
333020,0North House Realty LLC,280 Avon Mountain,675056,Rd  00675056Avon,COM, Avon Mountain,280,117,1170280,1170280,
329736,0Avon Hair Co.,9 Avonwood Rd,671772,00671772Avon,COM, Avonwood Rd,9,122,1220009,1220009,
329737,0Avon Veterinary Emergency.,9 Avonwood Rd,671773,00671773Avon,COM, Avonwood Rd,9,122,1220009,1220009,
329738,0Dental Arts Of Avon,9 Avonwood Rd,671774,00671774Avon,COM, Avonwood Rd,9,122,1220009,1220009,
329739,0A Place To Grow,9 Avonwood Rd,671775,00671775Avon,COM, Avonwood Rd,9,122,1220009,1220009,
328530,0John D'arcangelo,4 Bailey Rd,670566,00670566Avon,COM, Bailey Rd,4,124,1240004,1240004,
333204,"0Benchmark Gpt Avon, Site#:rra",101 Bickford Dr,675240,00675240Avon,COM, Bickford Dr,101,130,1300101,1300101,
329767,0Carriage Club,111 Brookmoor Rd,671803,00671803Avon,COM, Brookmoor Rd,111,150,1500111,1500111,
332054,0Farmington Woods District,200 Byron Dr Mast,674090,er As00674090Avon,COM, Byron Dr Mast,200,161,1610200,1610200,
328532,"0Griffin, Guild Llc",5 Climax Rd,670568,00670568Avon,COM, Climax Rd,5,183,1830005,1830005,
333304,0Golf Club Of Avon,160 Country Club,675340,Rd   00675340Avon,COM, Country Club,160,194,1940160,1940160,
329960,0Brighenti Enterprises,296 Country Club,671996,Rd   00671996Avon,COM, Country Club,296,194,1940296,1940296,
329961,0Petvet Care Centers Ct Inc,296 Country Club,671997,Rd   00671997Avon,COM, Country Club,296,194,1940296,1940296,
329962,0Doggy-do's,296 Country Club,671998,Rd   00671998Avon,COM, Country Club,296,194,1940296,1940296,
329963,"0Avon Math, Reading & Writing C",300 Country Club,671999,Rd   00671999Avon,COM, Country Club,300,194,1940300,1940300,
329964,0Fitness Together,300 Country Club,672000,Rd   00672000Avon,COM, Country Club,300,194,1940300,1940300,
329965,0Country Club Cleaners,300 Country Club,672001,Rd   00672001Avon,COM, Country Club,300,194,1940300,1940300,
333624,0Carmon & Company LLC,301 Country Club,676500,Rd BI00676500Avon,COM, Country Club,301,194,1940301,1940301,
329967,0Carmon & Company Llc -irr,301 Country Club,672003,Rd   00672003Avon,COM, Country Club,301,194,1940301,1940301,
333340,0Briarcliff Swim Club,107 Craigemore Ci,675376,rcle 00675376Avon,COM, Craigemore Ci,107,196,1960107,1960107,
333295,0Simsbury Bank & Trust,27 Dale Rd,675331,00675331Avon,COM, Dale Rd,27,202,2020027,2020027,
333561,0Simsbury Bank,27 Dale Rd - BILL,676263,ED AC00676263Avon,COM, Dale Rd - BILL,27,202,2020027,2020027,
328726,0Dr. Colleen Jambor,33 Dale Rd,670762,00670762Avon,COM, Dale Rd,33,202,2020033,2020033,
328727,0Dr. Sioban Stephen,33 Dale Rd,670763,00670763Avon,COM, Dale Rd,33,202,2020033,2020033,
333296,0Dr Nicholas Labbadia,33 Dale Rd Irrig,675332,00675332Avon,COM, Dale Rd Irrig,33,202,2020033,2020033,
333297,0TC&F LLC,34 Dale Rd,675333,00675333Avon,COM, Dale Rd,34,202,2020034,2020034,
333299,040 Dale Rd LLC,40 Dale Rd,675335,00675335Avon,COM, Dale Rd,40,202,2020040,2020040,
333301,044 Dale Rd LLC,44 Dale Rd,675337,00675337Avon,COM, Dale Rd,44,202,2020044,2020044,
328468,0Avon Park So Ofc Ctr Assoc,1 Darling Dr,670504,00670504Avon,COM, Darling Dr,1,203,2030001,2030001,
328470,0Chapdelaine Ent LLC,40 Darling Dr,670506,00670506Avon,COM, Darling Dr,40,203,2030040,2030040,
333166,"0OFS Fitel, LLC",55 Darling Dr Coo,675202,ling 00675202Avon,COM, Darling Dr Coo,55,203,2030055,2030055,
333173,0Peachtree Village,60 Darling Dr,675209,00675209Avon,COM, Darling Dr,60,203,2030060,2030060,
333182,0Legere Woodworking,80 Darling Dr,675218,00675218Avon,COM, Darling Dr,80,203,2030080,2030080,
333184,0Connecticut On-Line Computer C,105 Darling Dr,675220,00675220Avon,COM, Darling Dr,105,203,2030105,2030105,
333191,0135 Darling Dr LLC,135 Darling Dr,675227,00675227Avon,COM, Darling Dr,135,203,2030135,2030135,
333008,0Decapo Brick Oven Pizza,1 East Main St,675044,00675044Avon,COM, East Main St,1,214,2140001,2140001,
328534,0Avon Village Assoc LLC,7 East Main St,670570,00670570Avon,COM, East Main St,7,214,2140007,2140007,
333009,"010 E Main St Avon, LLC",10 East Main St,675045,00675045Avon,COM, East Main St,10,214,2140010,2140010,
328536,"0Avon Village Assoc, LLC",11 East Main St,670572,00670572Avon,COM, East Main St,11,214,2140011,2140011,
328537,"0Avon Village Assoc, LLC",17 East Main St,670573,00670573Avon,COM, East Main St,17,214,2140017,2140017,
328538,"0Avon Village Assoc, Llc",19 East Main St,670574,00670574Avon,COM, East Main St,19,214,2140019,2140019,
328539,020 East Main St LLC,20 East Main St,670575,00670575Avon,COM, East Main St,20,214,2140020,2140020,
328540,0Flagman Of America,22 East Main St,670576,00670576Avon,COM, East Main St,22,214,2140022,2140022,
328541,0Companions & Homemakers,24 East Main St,670577,00670577Avon,COM, East Main St,24,214,2140024,2140024,
328542,"0Avon Village Assoc, Llc",25 East Main St,670578,00670578Avon,COM, East Main St,25,214,2140025,2140025,
328543,"0Avon Village Assoc, Llc",27 East Main St,670579,00670579Avon,COM, East Main St,27,214,2140027,2140027,
328544,0Frank Pendergast Inc.,28 East Main St,670580,00670580Avon,COM, East Main St,28,214,2140028,2140028,
328545,"0Avon Village Assoc, Llc",29 East Main St,670581,00670581Avon,COM, East Main St,29,214,2140029,2140029,
328546,0Freedom Choice Mortgage,30 East Main St,670582,00670582Avon,COM, East Main St,30,214,2140030,2140030,
328547,"0Avon Village Assoc, Llc",31 East Main St,670583,00670583Avon,COM, East Main St,31,214,2140031,2140031,
328893,0Jari Associates,32 East Main St,670929,00670929Avon,COM, East Main St,32,214,2140032,2140032,
328548,"0Avon Village Assoc, Llc",33 East Main St,670584,00670584Avon,COM, East Main St,33,214,2140033,2140033,
328894,0Gifts Of Love,34 East Main St,670930,00670930Avon,COM, East Main St,34,214,2140034,2140034,
328549,0Avon Village Assoc LLC,35 East Main St,670585,00670585Avon,COM, East Main St,35,214,2140035,2140035,
328550,0Ralph Rosenberg,36 East Main St,670586,00670586Avon,COM, East Main St,36,214,2140036,2140036,
328551,"0Avon Village Assoc, Llc",37 East Main St,670587,00670587Avon,COM, East Main St,37,214,2140037,2140037,
328552,"0Avon Village Assoc, Llc",39 East Main St,670588,00670588Avon,COM, East Main St,39,214,2140039,2140039,
328553,"0Avon Village Assoc, Llc",41 East Main St,670589,00670589Avon,COM, East Main St,41,214,2140041,2140041,
328554,0Avon Village Assoc LLC,45 East Main St,670590,00670590Avon,COM, East Main St,45,214,2140045,2140045,
333012,0Applewoods Llc,51 East Main St,675048,00675048Avon,COM, East Main St,51,214,2140051,2140051,
333019,0Applewoods Llc,51 East Main St,675055,00675055Avon,COM, East Main St,51,214,2140051,2140051,
333689,0Applewoods Llc,51 East Main St B,676764,ILLED00676764Avon,COM, East Main St B,51,214,2140051,2140051,
328555,0Avon Properties LLC,56 East Main St,670591,00670591Avon,COM, East Main St,56,214,2140056,2140056,
328556,"0Avon Properties, LLC",60 East Main St,670592,00670592Avon,COM, East Main St,60,214,2140060,2140060,
333015,0Avon Fairway Cleaners,70 East Main St,675051,00675051Avon,COM, East Main St,70,214,2140070,2140070,
333016,0Avon Properties LLC,70 East Main St,675052,00675052Avon,COM, East Main St,70,214,2140070,2140070,
333017,0Maxamia,70 East Main St,675053,00675053Avon,COM, East Main St,70,214,2140070,2140070,
333601,"0Avon Properties, LLC",70 East Main St-,676420,BILLE00676420Avon,COM, East Main St-,70,214,2140070,2140070,
328557,0Avon Prop Holdings Llc,75 East Main St,670593,00670593Avon,COM, East Main St,75,214,2140075,2140075,
328558,"0PSM Enterprises, LLC",80 East Main St,670594,00670594Avon,COM, East Main St,80,214,2140080,2140080,
333018,0The Elephant Trail Rest.,85 East Main St,675054,00675054Avon,COM, East Main St,85,214,2140085,2140085,
328917,0United States Postal Service,15 Enford St,670953,00670953Avon,COM, Enford St,15,220,2200015,2200015,
329164,0Avon Town Center LLC,5 Ensign Dr,671200,00671200Avon,COM, Ensign Dr,5,221,2210005,2210005,
329165,0Avon Town Center LLC,5 Ensign Dr IRRIG,671201,00671201Avon,COM, Ensign Dr IRRIG,5,221,2210005,2210005,
333142,0Avon Town Center Llc,16 Ensign Dr,675178,00675178Avon,COM, Ensign Dr,16,221,2210016,2210016,
329171,0Avon Town Center Llc,31 Ensign Dr,671207,00671207Avon,COM, Ensign Dr,31,221,2210031,2210031,
329172,0Avon Town Center Llc - Irrig.,31 Ensign Dr,671208,00671208Avon,COM, Ensign Dr,31,221,2210031,2210031,
333550,"0HTA-80 Fisher, LLC #150416",80 Fischer Dr - B,676198,ILLED00676198Avon,COM, Fischer Dr - B,80,228,2280080,2280080,
333126,"0HTA-80 Fisher, LLC #150416",80 Fisher Dr -Med,675162,ical 00675162Avon,COM, Fisher Dr -Med,80,228,2280080,2280080,
333128,"0HCR Manorcare Prop LLC, Site 6",100 Fisher Dr,675164,00675164Avon,COM, Fisher Dr,100,228,2280100,2280100,
333129,"0Hcr Manorcare Prop Llc, Site",100 Fisher Dr,675165,00675165Avon,COM, Fisher Dr,100,228,2280100,2280100,
333132,0Farmington Academy Inc,150 Fisher Dr,675168,00675168Avon,COM, Fisher Dr,150,228,2280150,2280150,
333551,0Farmington Academy Inc,150 Fisher Dr - B,676203,ILLED00676203Avon,COM, Fisher Dr - B,150,228,2280150,2280150,
333134,0Apn Associates,200 Fisher Dr,675170,00675170Avon,COM, Fisher Dr,200,228,2280200,2280200,
332310,0Farmington Woods District,43 Heritage Dr -C,674346,lubho00674346Avon,COM, Heritage Dr -C,43,266,2660043,2660043,
332313,0Farmington Woods Master Assoc,46 Heritage Dr,674349,00674349Avon,COM, Heritage Dr,46,266,2660046,2660046,
285428,0John Lord,114 Huckleberry H,74939,l B  00074939Avon,COM, Huckleberry H,114,281,2810114,2810114,
329392,0Hunters Run Tax District,1 Huntington Glen,671428,Club00671428Avon,COM, Huntington Glen,1,284,2840001,2840001,
333076,0Dattco Inc.,20 Industrial Dri,675112,ve   00675112Avon,COM, Industrial Dri,20,287,2870020,2870020,
333068,0Specialty Transportation Inc.,21 Industrial Dri,675104,ve   00675104Avon,COM, Industrial Dri,21,287,2870021,2870021,
333069,"0Avon Business Park, LLC",21 Industrial Dri,675105,ve   00675105Avon,COM, Industrial Dri,21,287,2870021,2870021,
333123,0FV JC-ES Memorial Park,50 Mountain View,675159,Ave  00675159Avon,COM, Mountain View,50,325,3250050,3250050,
328743,0Connemara Court Alsop,27 Nod Rd,670779,00670779Avon,COM, Nod Rd,27,329,3290027,3290027,
333022,"0Connemara Court, Llc",35 Nod Rd,675058,00675058Avon,COM, Nod Rd,35,329,3290035,3290035,
333024,0Connemara Court,45 Nod Rd,675060,00675060Avon,COM, Nod Rd,45,329,3290045,3290045,
333555,0Connemara Court LLC,45 Nod Rd - BILLE,676227,D ACC00676227Avon,COM, Nod Rd - BILLE,45,329,3290045,3290045,
333027,0Nod Properties LLC,55 Nod Rd,675063,00675063Avon,COM, Nod Rd,55,329,3290055,3290055,
333690,0Nod Properties Llc,55 Nod Rd BILLED,676771,00676771Avon,COM, Nod Rd BILLED,55,329,3290055,3290055,
328745,0Blue Fox Run - Clubhouse,65 Nod Rd,670781,00670781Avon,COM, Nod Rd,65,329,3290065,3290065,
333623,0Blue Fox Run - Maint Barn,65 Nod Rd BILLED,676494,00676494Avon,COM, Nod Rd BILLED,65,329,3290065,3290065,
328768,0Stephen Brighenti,6 Old Farms Rd,670804,00670804Avon,COM, Old Farms Rd,6,336,3360006,3360006,
328770,0Stephen Brighenti,14 Old Farms Rd,670806,00670806Avon,COM, Old Farms Rd,14,336,3360014,3360014,
328777,0Pr.thomas Savoy Soc.,26 Old Farms Rd,670813,00670813Avon,COM, Old Farms Rd,26,336,3360026,3360026,
328780,0Pr.thomas Savoy Soc.,32 Old Farms Rd,670816,00670816Avon,COM, Old Farms Rd,32,336,3360032,3360032,
333071,0Jennifer Centofanti,174 Old Farms Rd,675107,00675107Avon,COM, Old Farms Rd,174,336,3360174,3360174,
328810,0Avon Self-Storage,190 Old Farms Rd,670846,00670846Avon,COM, Old Farms Rd,190,336,3360190,3360190,
328839,0My Dog's Daycare Llc,18 Sandscreen Rd,670875,00670875Avon,COM, Sandscreen Rd,18,382,3820018,3820018,
328840,0Car Biz,19 Sandscreen Rd,670876,00670876Avon,COM, Sandscreen Rd,19,382,3820019,3820019,
328841,0Sanford & Hawley,30 Sandscreen Rd,670877,00670877Avon,COM, Sandscreen Rd,30,382,3820030,3820030,
328850,0Ronald Barnett,41 Sandscreen Rd,670886,00670886Avon,COM, Sandscreen Rd,41,382,3820041,3820041,
328851,0General Dynamics,65 Sandscreen Rd,670887,00670887Avon,COM, Sandscreen Rd,65,382,3820065,3820065,
333311,0Brightview Of Avon,220 Scoville Rd,675347,00675347Avon,COM, Scoville Rd,220,388,3880220,3880220,
333153,0CREC Academy of the Arts,20 Security Dr,675189,00675189Avon,COM, Security Dr,20,390,3900020,3900020,
333154,0CREC Academy of the Arts,20 Security Dr,675190,00675190Avon,COM, Security Dr,20,390,3900020,3900020,
333160,0Norwich Commercial Grp Inc,38 Security Dr,675196,00675196Avon,COM, Security Dr,38,390,3900038,3900038,
333554,0Norwich Commercial Group Inc,38 Security Dr -,676222,BILLE00676222Avon,COM, Security Dr -,38,390,3900038,3900038,
328533,"0Two Simsbury Rd, Llc",2 Simsbury Rd,670569,00670569Avon,COM, Simsbury Rd,2,397,3970002,3970002,
333085,0Residence Inn Marriott,55 Simsbury Rd,675121,00675121Avon,COM, Simsbury Rd,55,397,3970055,3970055,
333086,0Residence Inn Marriott,55 Simsbury Rd,675122,00675122Avon,COM, Simsbury Rd,55,397,3970055,3970055,
333752,0Residence Inn Marriott,55 Simsbury Rd BI,676906,LLED 00676906Avon,COM, Simsbury Rd BI,55,397,3970055,3970055,
333089,0Healthtrax - Avon,100 Simsbury Rd,675125,00675125Avon,COM, Simsbury Rd,100,397,3970100,3970100,
333090,0Commercial Prop Adv Llc,100 Simsbury Rd,675126,00675126Avon,COM, Simsbury Rd,100,397,3970100,3970100,
333754,0Brighenti Family Wellness,100 Simsbury Rd B,676914,ILLED00676914Avon,COM, Simsbury Rd B,100,397,3970100,3970100,
329176,0Northwest Community Bank,101 Simsbury Rd,671212,00671212Avon,COM, Simsbury Rd,101,397,3970101,3970101,
329177,0Avon Office Commons Assoc.,111 Simsbury Rd,671213,00671213Avon,COM, Simsbury Rd,111,397,3970111,3970111,
333093,0The Residence At Brookside,117 Simsbury Rd,675129,00675129Avon,COM, Simsbury Rd,117,397,3970117,3970117,
333556,0The Residence At Brookside,117 Simsbury Rd -,676236,BILL00676236Avon,COM, Simsbury Rd -,117,397,3970117,3970117,
329178,0Commercial Prop Adv Llc,120 Simsbury Rd,671214,00671214Avon,COM, Simsbury Rd,120,397,3970120,3970120,
333095,0Commercial Prop Adv Llc,120 Simsbury Rd,675131,00675131Avon,COM, Simsbury Rd,120,397,3970120,3970120,
329179,0Body Over Bike,136 Simsbury Rd,671215,00671215Avon,COM, Simsbury Rd,136,397,3970136,3970136,
329180,0The Complete Actor,136 Simsbury Rd,671216,00671216Avon,COM, Simsbury Rd,136,397,3970136,3970136,
329181,0Riverdale Farms (bld 4),136 Simsbury Rd,671217,00671217Avon,COM, Simsbury Rd,136,397,3970136,3970136,
329183,0Saren Cassotto Photography,136 Simsbury Rd,671219,00671219Avon,COM, Simsbury Rd,136,397,3970136,3970136,
329185,0Burati Travel Inc.,136 Simsbury Rd,671221,00671221Avon,COM, Simsbury Rd,136,397,3970136,3970136,
329186,0Ekkalak Thai Cuisine,136 Simsbury Rd,671222,00671222Avon,COM, Simsbury Rd,136,397,3970136,3970136,
329187,0Toshi Japanese Restaurant,136 Simsbury Rd,671223,00671223Avon,COM, Simsbury Rd,136,397,3970136,3970136,
329188,0Avon Country Deli LLC,136 Simsbury Rd,671224,00671224Avon,COM, Simsbury Rd,136,397,3970136,3970136,
329189,0Riverdale Farms (bld 14 Apt.),136 Simsbury Rd,671225,00671225Avon,COM, Simsbury Rd,136,397,3970136,3970136,
329190,0Riverdale Farms,136 Simsbury Rd,671226,00671226Avon,COM, Simsbury Rd,136,397,3970136,3970136,
329191,0Riverdale Farms,136 Simsbury Rd,671227,00671227Avon,COM, Simsbury Rd,136,397,3970136,3970136,
329192,0I Devices Llc,136 Simsbury Rd,671228,00671228Avon,COM, Simsbury Rd,136,397,3970136,3970136,
329193,0Riverdale Farms (Bakery),136 Simsbury Rd,671229,00671229Avon,COM, Simsbury Rd,136,397,3970136,3970136,
329194,0Riverdale Farms-irr #14,136 Simsbury Rd,671230,00671230Avon,COM, Simsbury Rd,136,397,3970136,3970136,
329195,0I Devices LLC,136 Simsbury Rd,671231,00671231Avon,COM, Simsbury Rd,136,397,3970136,3970136,
329196,0The Fresh Monkee,136 Simsbury Rd,671232,00671232Avon,COM, Simsbury Rd,136,397,3970136,3970136,
333097,0Riverdale Farms IR #6,136 Simsbury Rd,675133,00675133Avon,COM, Simsbury Rd,136,397,3970136,3970136,
329182,0Simply Eventful LLC,136 Simsbury Rd,671218,Hairl00671218Avon,COM, Simsbury Rd,136,397,3970136,3970136,
329197,0Riverdale Farms,138 Simsbury Rd,671233,00671233Avon,COM, Simsbury Rd,138,397,3970138,3970138,
329198,0The Lime Bar,138 Simsbury Rd,671234,00671234Avon,COM, Simsbury Rd,138,397,3970138,3970138,
329199,0New Eng Guild Wealth Adv.,139 Simsbury Rd,671235,00671235Avon,COM, Simsbury Rd,139,397,3970139,3970139,
329200,0Educational Playcare,140 Simsbury Rd,671236,00671236Avon,COM, Simsbury Rd,140,397,3970140,3970140,
333098,0Riverdale Farms (irr#3),140 Simsbury Rd,675134,00675134Avon,COM, Simsbury Rd,140,397,3970140,3970140,
329203,0Avon Clock & Lighting,144 Simsbury Rd,671239,00671239Avon,COM, Simsbury Rd,144,397,3970144,3970144,
329204,0Educational Playcare #7,144 Simsbury Rd,671240,00671240Avon,COM, Simsbury Rd,144,397,3970144,3970144,
329201,0147 Associates,145 Simsbury Rd,671237,00671237Avon,COM, Simsbury Rd,145,397,3970145,3970145,
329202,0Avon Wines & Spirits,146 Simsbury Rd,671238,00671238Avon,COM, Simsbury Rd,146,397,3970146,3970146,
329205,0Avon Clock & Lighting,146 Simsbury Rd,671241,00671241Avon,COM, Simsbury Rd,146,397,3970146,3970146,
333099,0Riverdale Farms,146 Simsbury Rd,675135,00675135Avon,COM, Simsbury Rd,146,397,3970146,3970146,
333100,0Educational Playcare  #7,146 Simsbury Rd,675136,00675136Avon,COM, Simsbury Rd,146,397,3970146,3970146,
329206,0Riverdale Farms (Foresight),152 Simsbury Rd,671242,00671242Avon,COM, Simsbury Rd,152,397,3970152,3970152,
329207,0Riverdale Farms (offices),152 Simsbury Rd,671243,00671243Avon,COM, Simsbury Rd,152,397,3970152,3970152,
329209,0Riverdale Farms,152 Simsbury Rd,671245,00671245Avon,COM, Simsbury Rd,152,397,3970152,3970152,
329210,0Shear Artistry (#9),152 Simsbury Rd,671246,00671246Avon,COM, Simsbury Rd,152,397,3970152,3970152,
329211,0Educational Playcare #8,152 Simsbury Rd,671247,00671247Avon,COM, Simsbury Rd,152,397,3970152,3970152,
329212,0Shear Artistry (#9),152 Simsbury Rd,671248,00671248Avon,COM, Simsbury Rd,152,397,3970152,3970152,
329213,0Riverdale Farms -(#9 Irr),152 Simsbury Rd,671249,00671249Avon,COM, Simsbury Rd,152,397,3970152,3970152,
329214,0Educational Playcare #19,152 Simsbury Rd,671250,00671250Avon,COM, Simsbury Rd,152,397,3970152,3970152,
329215,0Riverdale Farms (#19 Irr),152 Simsbury Rd,671251,00671251Avon,COM, Simsbury Rd,152,397,3970152,3970152,
329216,0Koster Family Chiropractic,152 Simsbury Rd,671252,00671252Avon,COM, Simsbury Rd,152,397,3970152,3970152,
329208,0Riverdale Farms,152 Simsbury Rd B,671244,athro00671244Avon,COM, Simsbury Rd B,152,397,3970152,3970152,
333144,0ENE Realty Assoc,10 Tower Lane The,675180,Offi00675180Avon,COM, Tower Lane The,10,437,4370010,4370010,
333145,"0ENE Realty Assoc., Llc",20 Tower Lane CGF,675181,M Tow00675181Avon,COM, Tower Lane CGF,20,437,4370020,4370020,
333146,0ENE Realty Assoc LLC,30 Tower Lane The,675182,Offi00675182Avon,COM, Tower Lane The,30,437,4370030,4370030,
333147,"0Apogee Properties, LLC",35 Tower Lane,675183,00675183Avon,COM, Tower Lane,35,437,4370035,4370035,
333148,040 Tower Lane Associates,40 Tower Lane,675184,00675184Avon,COM, Tower Lane,40,437,4370040,4370040,
328559,"0Secure Financial Properties,",7 Towpath Lane,670595,00670595Avon,COM, Towpath Lane,7,438,4380007,4380007,
328736,"0La Falce, Campbell & Robin Inc",3 Waterville Rd,670772,00670772Avon,COM, Waterville Rd,3,450,4500003,4500003,
328737,0Botanicals Day Spa,9 Waterville Rd,670773,00670773Avon,COM, Waterville Rd,9,450,4500009,4500009,
328738,0Mars 44 Acquisition LLC,15 Waterville Rd,670774,00670774Avon,COM, Waterville Rd,15,450,4500015,4500015,
333749,0Sweetland Realty LLC,22 Waterville Rd,676898,BILLE00676898Avon,COM, Waterville Rd,22,450,4500022,4500022,
333037,0Sweetland Realty LLC,22 Waterville Rd,675073,00675073Avon,COM, Waterville Rd,22,450,4500022,4500022,
328739,0Twenty Nine Waterville LLC,29 Waterville Rd,670775,00670775Avon,COM, Waterville Rd,29,450,4500029,4500029,
328740,0Connecticut Eye Center,35 Waterville Rd,670776,00670776Avon,COM, Waterville Rd,35,450,4500035,4500035,
328742,0Path LLC,40 Waterville Rd,670778,00670778Avon,COM, Waterville Rd,40,450,4500040,4500040,
333039,0Capitol Reg Educ Council,59 Waterville Rd,675075,00675075Avon,COM, Waterville Rd,59,450,4500059,4500059,
333272,0Petco Animal Supply #1813,9 West Avon Rd,675308,00675308Avon,COM, West Avon Rd,9,452,4520009,4520009,
328606,"0Dr.Timothy Owens, LLC",12 West Avon Rd,670642,00670642Avon,COM, West Avon Rd,12,452,4520012,4520012,
333275,"0Simsbury Turnpike Realty, LLC",15 West Avon Rd,675311,00675311Avon,COM, West Avon Rd,15,452,4520015,4520015,
333560,0Puerto Vallarta Resturant,15 West Avon Rd -,676258,BILL00676258Avon,COM, West Avon Rd -,15,452,4520015,4520015,
328607,0Sunny Sky Realty LLC,18 West Avon Rd,670643,00670643Avon,COM, West Avon Rd,18,452,4520018,4520018,
328608,0Avon Dental Group,20 West Avon Rd,670644,00670644Avon,COM, West Avon Rd,20,452,4520020,4520020,
328609,"0Pooh's Corner Realty, LLC",40 West Avon Rd,670645,00670645Avon,COM, West Avon Rd,40,452,4520040,4520040,
333277,0Dr. Nicholas Labbadia,46 West Avon Rd,675313,00675313Avon,COM, West Avon Rd,46,452,4520046,4520046,
333303,0Westmed Professional Building,54 West Avon Rd,675339,00675339Avon,COM, West Avon Rd,54,452,4520054,4520054,
328610,0Appletree Learning Center,84 West Avon Rd,670646,00670646Avon,COM, West Avon Rd,84,452,4520084,4520084,
329955,0Brighenti Enterprises,395 West Avon Rd,671991,00671991Avon,COM, West Avon Rd,395,452,4520395,4520395,
329952,"0Your Corner Store, LLC",395 West Avon Rd,671988,00671988Avon,COM, West Avon Rd,395,452,4520395,4520395,
329953,0Brighenti Enterprises,395 West Avon Rd,671989,00671989Avon,COM, West Avon Rd,395,452,4520395,4520395,
329954,0Luke's Donut Shop,395 West Avon Rd,671990,00671990Avon,COM, West Avon Rd,395,452,4520395,4520395,
329956,0Sharing The Light Wholistic Ct,395 West Avon Rd,671992,00671992Avon,COM, West Avon Rd,395,452,4520395,4520395,
329957,0Brighenti Enterprises,395 West Avon Rd,671993,00671993Avon,COM, West Avon Rd,395,452,4520395,4520395,
330212,0Carmon & Company LLC,412 West Avon Rd,672248,Hair 00672248Avon,COM, West Avon Rd,412,452,4520412,4520412,
330213,0Farmington Savings Bank,427 West Avon Rd,672249,00672249Avon,COM, West Avon Rd,427,452,4520427,4520427,
330215,0Icon Salon,427 West Avon Rd,672251,00672251Avon,COM, West Avon Rd,427,452,4520427,4520427,
330216,0Lux Nails & Spa,427 West Avon Rd,672252,00672252Avon,COM, West Avon Rd,427,452,4520427,4520427,
330217,0Cheers2u,427 West Avon Rd,672253,00672253Avon,COM, West Avon Rd,427,452,4520427,4520427,
330218,"0Pizzeria Davinci, Llc",427 West Avon Rd,672254,00672254Avon,COM, West Avon Rd,427,452,4520427,4520427,
330214,0West Avon LLC,427 West Avon Rd,672250,Irrig00672250Avon,COM, West Avon Rd,427,452,4520427,4520427,
330219,0P & M Petro Mart,441 West Avon Rd,672255,00672255Avon,COM, West Avon Rd,441,452,4520441,4520441,
330238,0Valley Community Baptist Churc,590 West Avon Rd,672274,00672274Avon,COM, West Avon Rd,590,452,4520590,4520590,
330239,0Valley Com. Baptist Church,590 West Avon Rd,672275,00672275Avon,COM, West Avon Rd,590,452,4520590,4520590,
333292,0Avon Convalescent Home,652 W Avon Rd,675328,00675328Avon,COM, W Avon Rd,652,452,4520652,4520652,
333563,0Avon Convalescent Home,652 West Avon Rd,676273,BIL00676273Avon,COM, West Avon Rd,652,452,4520652,4520652,
328471,0O'Neill Chevrolet & Buick,3 West Main St,670507,00670507Avon,COM, West Main St,3,454,4540003,4540003,
332994,0O'Neill's Chevy & Buick Inc,5 West Main St,675030,00675030Avon,COM, West Main St,5,454,4540005,4540005,
328474,0The Masters Corp,11 West Main St,670510,00670510Avon,COM, West Main St,11,454,4540011,4540011,
328475,0Avon Cong Church,12 West Main St,670511,00670511Avon,COM, West Main St,12,454,4540012,4540012,
328478,0Mgn Co LLC,16 West Main St,670514,00670514Avon,COM, West Main St,16,454,4540016,4540016,
328479,017 W Main St Assoc LLC,17 West Main St,670515,00670515Avon,COM, West Main St,17,454,4540017,4540017,
328480,0Dom's Coffee LLC,20 West Main St,670516,00670516Avon,COM, West Main St,20,454,4540020,4540020,
328481,0The Coffee Trade Inc,21 West Main St,670517,00670517Avon,COM, West Main St,21,454,4540021,4540021,
332996,"0First & Last Tavern, Avon",24 West Main St,675032,00675032Avon,COM, West Main St,24,454,4540024,4540024,
332998,"0First & Last Tavern, Avon",24 West Main St,675034,00675034Avon,COM, West Main St,24,454,4540024,4540024,
333688,"0First & Last Tavern, Avon",24 West Main St B,676758,ILLED00676758Avon,COM, West Main St B,24,454,4540024,4540024,
328482,0Lorenzo Diclemente,29 West Main St B,670518,ld 1 00670518Avon,COM, West Main St B,29,454,4540029,4540029,
328483,0Lorenzo Diclemente,29 West Main St B,670519,ld 2 00670519Avon,COM, West Main St B,29,454,4540029,4540029,
328485,0Lorenzo Diclemente,29 West Main St B,670521,ld. 300670521Avon,COM, West Main St B,29,454,4540029,4540029,
328484,0Lorenzo Diclemente,29 West Main St B,670520,ldg 100670520Avon,COM, West Main St B,29,454,4540029,4540029,
328486,0Country Curtains,32 West Main St,670522,00670522Avon,COM, West Main St,32,454,4540032,4540032,
328487,0Lorenzo Diclemente,37 West Main St,670523,00670523Avon,COM, West Main St,37,454,4540037,4540037,
333620,0Avon Town Center LLC,38 West Main St,676452,#NAME?,COM, West Main St,38,454,4540038,4540038,
328489,0Avon Town Center LLC,38 West Main St i,670525,rrig 00670525Avon,COM, West Main St i,38,454,4540038,4540038,
333621,"0ACOP, LLC #43",43 West Main St -,676477,BILL00676477Avon,COM, West Main St -,43,454,4540043,4540043,
328494,0ACOP Assoc #43,43 West Main St I,670530,RRIG 00670530Avon,COM, West Main St I,43,454,4540043,4540043,
328490,0Avon Town Center LLC,44 West Main St,670526,00670526Avon,COM, West Main St,44,454,4540044,4540044,
328492,0Avon Allies,45 West Main St,670528,00670528Avon,COM, West Main St,45,454,4540045,4540045,
328495,0Drew & Mersereau PC,47 West Main St,670531,00670531Avon,COM, West Main St,47,454,4540047,4540047,
328491,"0ACOP, LLC #49",49 West Main St,670527,00670527Avon,COM, West Main St,49,454,4540049,4540049,
328502,0Town Of Avon,60 West Main St,670538,00670538Avon,COM, West Main St,60,454,4540060,4540060,
328503,0Marlene Jung Assoc,112 West Main St,670539,00670539Avon,COM, West Main St,112,454,4540112,4540112,
328504,0F & L Associates,166 West Main St,670540,00670540Avon,COM, West Main St,166,454,4540166,4540166,
333557,0172 West Main LLC,172 West Main St,676243,Prud 00676243Avon,COM, West Main St,172,454,4540172,4540172,
333214,0172 West Main LLC,172 West Main St,675250,00675250Avon,COM, West Main St,172,454,4540172,4540172,
333215,0Stephan Brothers Realty,177 West Main St,675251,00675251Avon,COM, West Main St,177,454,4540177,4540177,
328505,0Leibert Family Ltd Part,192 West Main St,670541,00670541Avon,COM, West Main St,192,454,4540192,4540192,
333216,0Rosie's Laundry,192 West Main St,675252,00675252Avon,COM, West Main St,192,454,4540192,4540192,
333217,0Four Square Associates,195 West Main St,675253,00675253Avon,COM, West Main St,195,454,4540195,4540195,
328506,0DP1 LLC,200 West Main St,670542,00670542Avon,COM, West Main St,200,454,4540200,4540200,
334557,0E & D Pizza Co LLC,200 West Main St,680773,B    00680773Avon,COM, West Main St,200,454,4540200,4540200,
328508,0David Kelly LLC,209 West Main St,670544,00670544Avon,COM, West Main St,209,454,4540209,4540209,
328510,0Deepwater Lobster,210 West Main St,670546,00670546Avon,COM, West Main St,210,454,4540210,4540210,
333219,0D'Angelo's,210 West Main St,675255,00675255Avon,COM, West Main St,210,454,4540210,4540210,
328509,0E & D Pizza Co LLC,210 West Main St,670545,B    00670545Avon,COM, West Main St,210,454,4540210,4540210,
328511,0K Brothers LLC,213 West Main St,670547,00670547Avon,COM, West Main St,213,454,4540213,4540213,
328512,0Roy Rounseville,214 West Main St,670548,00670548Avon,COM, West Main St,214,454,4540214,4540214,
328513,0Lawrence Brunoli,220 West Main St,670549,00670549Avon,COM, West Main St,220,454,4540220,4540220,
328514,0Enterprise Rent-a-car,224 West Main St,670550,00670550Avon,COM, West Main St,224,454,4540224,4540224,
333221,"0Keybank, Na",232 West Main St,675257,00675257Avon,COM, West Main St,232,454,4540232,4540232,
328515,0Bank Of America,240 West Main St,670551,00670551Avon,COM, West Main St,240,454,4540240,4540240,
328516,0Town Fair Tire Ctrs Of Ct,248 West Main St,670552,00670552Avon,COM, West Main St,248,454,4540248,4540248,
333558,"0Big Y Grocery, Site #53",255 West Main St,676248,BIL00676248Avon,COM, West Main St,255,454,4540255,4540255,
328517,0TD Bank,255 West Main St,670553,00670553Avon,COM, West Main St,255,454,4540255,4540255,
328518,0Chang-an Ii,255 West Main St,670554,00670554Avon,COM, West Main St,255,454,4540255,4540255,
328519,0Regis Corp Site #90298,255 West Main St,670555,00670555Avon,COM, West Main St,255,454,4540255,4540255,
328520,0Five Guys Operations LLC #74,255 West Main St,670556,00670556Avon,COM, West Main St,255,454,4540255,4540255,
333222,0Walmart #01-2899,255 West Main St,675258,00675258Avon,COM, West Main St,255,454,4540255,4540255,
333223,0255 West Main LLC,255 West Main St,675259,00675259Avon,COM, West Main St,255,454,4540255,4540255,
333225,"0Big Y Grocery, Site #53",255 West Main St,675261,00675261Avon,COM, West Main St,255,454,4540255,4540255,
334352,0255 West Main LLC,255 West Main St-,679521,BILLE00679521Avon,COM, West Main St-,255,454,4540255,4540255,
333227,"0Sunset Of Avon, LLC",260 West Main St,675263,00675263Avon,COM, West Main St,260,454,4540260,4540260,
333559,0Russell Speeders Car Wash,265 West Main St,676253,BIL00676253Avon,COM, West Main St,265,454,4540265,4540265,
333230,0Russell Speeders Car Wash,265 West Main St,675266,00675266Avon,COM, West Main St,265,454,4540265,4540265,
333231,0290 Clipper Center LLC,290 West Main St,675267,00675267Avon,COM, West Main St,290,454,4540290,4540290,
333232,0Dp3 LLC,300 West Main St,675268,00675268Avon,COM, West Main St,300,454,4540300,4540300,
333233,0DP3 LLC,300 West Main St,675269,Irrig00675269Avon,COM, West Main St,300,454,4540300,4540300,
333235,0Fish Enterprises,302 West Main St,675271,00675271Avon,COM, West Main St,302,454,4540302,4540302,
328522,0Farmington Savings Bank,310 West Main St,670558,00670558Avon,COM, West Main St,310,454,4540310,4540310,
328716,0Sally Beauty Supply,315 West Main St,670752,00670752Avon,COM, West Main St,315,454,4540315,4540315,
328717,"0Nod Brook, Llc (bakerdoz)",315 West Main St,670753,00670753Avon,COM, West Main St,315,454,4540315,4540315,
328718,0Great Clips,315 West Main St,670754,00670754Avon,COM, West Main St,315,454,4540315,4540315,
328719,"0Nod Brook, Llc (top Nail)",315 West Main St,670755,00670755Avon,COM, West Main St,315,454,4540315,4540315,
328720,"0Lane Bryant #4811, Llc",315 West Main St,670756,00670756Avon,COM, West Main St,315,454,4540315,4540315,
328721,"0443400 TJX Co, MS#1",315 West Main St,670757,00670757Avon,COM, West Main St,315,454,4540315,4540315,
328722,"0443400 Tjx Co, Ms#1",315 West Main St,670758,00670758Avon,COM, West Main St,315,454,4540315,4540315,
333236,0Nod Brook Llc (pul),315 West Main St,675272,00675272Avon,COM, West Main St,315,454,4540315,4540315,
333237,0Nod Brook LLC,315 West Main St,675273,00675273Avon,COM, West Main St,315,454,4540315,4540315,
333238,0Michael's Ms #2,315 West Main St,675274,00675274Avon,COM, West Main St,315,454,4540315,4540315,
333241,0Lexham Avon LLC,320 West Main St,675277,#NAME?,COM, West Main St,320,454,4540320,4540320,
333243,0The Fresh Market #127,321 West Main St,675279,00675279Avon,COM, West Main St,321,454,4540321,4540321,
335393,"0Schwabs Super Cellar Liquors,",332 West Main St,670559,00670559Avon,COM, West Main St,332,454,4540332,4540332,
328523,"0Nave, LLC",332 West Main St,670559,00670559Avon,COM, West Main St,332,454,4540332,4540332,
328524,0Market Place Kitchen & Bar,336 West Main St,670560,00670560Avon,COM, West Main St,336,454,4540336,4540336,
333245,0Lexham Avon LLC,339 West Main St,675281,00675281Avon,COM, West Main St,339,454,4540339,4540339,
333246,0Friendly Rest#4239,347 West Main St,675282,00675282Avon,COM, West Main St,347,454,4540347,4540347,
333247,0Gold-borg Associates,353 West Main St,675283,00675283Avon,COM, West Main St,353,454,4540353,4540353,
328525,0CVS #1180,358 West Main St,670561,00670561Avon,COM, West Main St,358,454,4540358,4540358,
333248,0CVS #1180-02,358 West Main St,675284,00675284Avon,COM, West Main St,358,454,4540358,4540358,
333564,0Battiston's Cleaners,369 West Main St,676278,BIL00676278Avon,COM, West Main St,369,454,4540369,4540369,
333250,0Deacon Donald Battiston Trust,369 West Main St,675286,00675286Avon,COM, West Main St,369,454,4540369,4540369,
333258,0Avon Marketplace (nbal),380 W Main St - n,675294,ew ba00675294Avon,COM, W Main St - n,380,454,4540380,4540380,
333252,0Bertucci's,380 West Main St,675288,00675288Avon,COM, West Main St,380,454,4540380,4540380,
333253,"0Verizon Wireless, Site# 90377",380 West Main St,675289,00675289Avon,COM, West Main St,380,454,4540380,4540380,
333254,"0Starbucks, Site #075",380 West Main St,675290,00675290Avon,COM, West Main St,380,454,4540380,4540380,
333259,0Cass Information Systems,380 West Main St,675295,00675295Avon,COM, West Main St,380,454,4540380,4540380,
333616,0Avon Marketplace,380 West Main St-,676438,BILL00676438Avon,COM, West Main St-,380,454,4540380,4540380,
328526,0Pier I Imports #802,385 West Main St,670562,00670562Avon,COM, West Main St,385,454,4540385,4540385,
328527,0Sport Clips,385 West Main St,670563,00670563Avon,COM, West Main St,385,454,4540385,4540385,
328528,0Liki Sushi,385 West Main St,670564,00670564Avon,COM, West Main St,385,454,4540385,4540385,
328529,0Shops at Dale Corner,385 West Main St,670565,00670565Avon,COM, West Main St,385,454,4540385,4540385,
333263,0Cosi Restaurant #94,385 West Main St,675299,00675299Avon,COM, West Main St,385,454,4540385,4540385,
333264,"0Mswg Avon, Llc",385 West Main St,675300,00675300Avon,COM, West Main St,385,454,4540385,4540385,
333251,0Phyllis Z Hoffman,385 West Main St,675287,Dale 00675287Avon,COM, West Main St,385,454,4540385,4540385,
328723,0Webster Bank Na Site #116,392 West Main St,670759,00670759Avon,COM, West Main St,392,454,4540392,4540392,
328724,0Sovereign Bank,394 West Main St,670760,00670760Avon,COM, West Main St,394,454,4540394,4540394,
333266,0Nova Center Co.,395 West Main St,675302,00675302Avon,COM, West Main St,395,454,4540395,4540395,
333268,0Vrakas LLC,401 West Main St,675304,00675304Avon,COM, West Main St,401,454,4540401,4540401,
328725,0Scott's Avon Mobil,411 West Main St,670761,00670761Avon,COM, West Main St,411,454,4540411,4540411,
179779,0Heritage at Buckingham,30 Buckingham - C,112289,lubho00112289Avon,COM, Buckingham - C,30,598,5980030,5980030,
333165,"0OFS Fitel, LLC",55 Darling Dr,675201,00675201Avon,IND, Darling Dr,55,203,2030055,2030055,
333606,"0OFS Fitel, LLC",55 Darling Dr- BI,676432,LLED 00676432Avon,IND, Darling Dr- BI,55,203,2030055,2030055,
333187,"0Orafol Americas, Inc. - IRR",120 Darling Dr,675223,00675223Avon,IND, Darling Dr,120,203,2030120,2030120,
333188,"0Orafol Americas, Inc",120 Darling Dr,675224,00675224Avon,IND, Darling Dr,120,203,2030120,2030120,
333553,0Orafol Americas Inc.,120 Darling Dr -,676217,BILLE00676217Avon,IND, Darling Dr -,120,203,2030120,2030120,
333070,0Oldcastle Precast Inc.,151 Old Farms Rd,675106,00675106Avon,IND, Old Farms Rd,151,336,3360151,3360151,
328809,0Oldcastle Precast Inc,154 Old Farms Rd,670845,00670845Avon,IND, Old Farms Rd,154,336,3360154,3360154,
335057,0Cornerstone Landing,205 Old Farms Rd,682631,00682631Avon,IND, Old Farms Rd,205,336,3360205,3360205,
333158,0Pmp Corp,25 Security Dr,675194,00675194Avon,IND, Security Dr,25,390,3900025,3900025,
333552,0Pmp Corp,25 Security Dr -,676210,BILLE00676210Avon,IND, Security Dr -,25,390,3900025,3900025,
333161,0RR Donnelley,60 Security Dr,675197,00675197Avon,IND, Security Dr,60,390,3900060,3900060,
328818,0Town Of Avon Garage,11 Arch Rd,670854,00670854Avon,PUA, Arch Rd,11,109,1090011,1090011,
328819,0Town Of Avon (Dog),11 Arch Rd,670855,00670855Avon,PUA, Arch Rd,11,109,1090011,1090011,
328820,0Town Of Avon TWS,11 Arch Rd,670856,00670856Avon,PUA, Arch Rd,11,109,1090011,1090011,
333306,0Town Of Avon-library,281 Country Club,675342,Rd   00675342Avon,PUA, Country Club,281,194,1940281,1940281,
178535,0Avon Public Works,1 Huckleberry Hil,111039,l Rd-00111039Avon,PUA, Huckleberry Hil,1,281,2810001,2810001,
178536,0Avon Volunteer Fire Dept.,365 Huckleberry H,111040,ill R00111040Avon,PUA, Huckleberry H,365,281,2810365,2810365,
333342,0Board Of Education,30 Old Wheeler La,675378,ne   00675378Avon,PUA, Old Wheeler La,30,341,3410030,3410030,
333343,0Board Of Education,30 Old Wheeler La,675379,ne   00675379Avon,PUA, Old Wheeler La,30,341,3410030,3410030,
333309,0Town of Avon BOE,151 Scoville Rd,675345,00675345Avon,PUA, Scoville Rd,151,388,3880151,3880151,
329175,0Board Of Education,34 Simsbury Rd,671211,00671211Avon,PUA, Simsbury Rd,34,397,3970034,3970034,
333083,0Public Works (S.P.),34 Simsbury Rd,675119,00675119Avon,PUA, Simsbury Rd,34,397,3970034,3970034,
333314,0Thompson Brook School BOE,150 Thompson Rd,675350,00675350Avon,PUA, Thompson Rd,150,432,4320150,4320150,
333315,0Thompson Brook School BOE,150 Thompson Rd,675351,00675351Avon,PUA, Thompson Rd,150,432,4320150,4320150,
333316,0Board Of Ed.(5/6 School),150 Thompson Rd,675352,00675352Avon,PUA, Thompson Rd,150,432,4320150,4320150,
333278,0Avon Middle School BOE,375 West Avon Rd,675314,00675314Avon,PUA, West Avon Rd,375,452,4520375,4520375,
333279,0Avon Middle School BOE,375 West Avon Rd,675315,00675315Avon,PUA, West Avon Rd,375,452,4520375,4520375,
333280,0Avon Middle School BOE,375 West Avon Rd,675316,00675316Avon,PUA, West Avon Rd,375,452,4520375,4520375,
330227,0West Avon Fire House #3,490 West Avon Rd,672263,00672263Avon,PUA, West Avon Rd,490,452,4520490,4520490,
333283,0Avon High School BOE,510 West Avon Rd,675319,00675319Avon,PUA, West Avon Rd,510,452,4520510,4520510,
333284,0Town of Avon Athl Flds BOE,510 West Avon Rd,675320,00675320Avon,PUA, West Avon Rd,510,452,4520510,4520510,
333285,0Avon High School BOE,510 West Avon Rd,675321,irrig00675321Avon,PUA, West Avon Rd,510,452,4520510,4520510,
330243,0Public Works -Sr Ctr,635 West Avon Rd,672279,00672279Avon,PUA, West Avon Rd,635,452,4520635,4520635,
333288,0Public Works,635 West Avon Rd,675324,00675324Avon,PUA, West Avon Rd,635,452,4520635,4520635,
333289,0Public Works,635 West Avon Rd,675325,00675325Avon,PUA, West Avon Rd,635,452,4520635,4520635,
333003,0Public Works (green),60 West Main St,675039,00675039Avon,PUA, West Main St,60,454,4540060,4540060,
328501,0Town Of Avon,60 West Main St -,670537,Poli00670537Avon,PUA, West Main St -,60,454,4540060,4540060,
328496,0Town Of Avon (Bld 5),60 West Main St B,670532,ldg 500670532Avon,PUA, West Main St B,60,454,4540060,4540060,
328500,0Town Of Avon,60 West Main St B,670536,ldg 600670536Avon,PUA, West Main St B,60,454,4540060,4540060,
328499,0Town Of Avon,60 West Main St B,670535,ldg 800670535Avon,PUA, West Main St B,60,454,4540060,4540060,
328498,0Town of Avon,60 West Main St B,670534,ldg1 00670534Avon,PUA, West Main St B,60,454,4540060,4540060,
336527,0Herbert Golinsky,80 East Main St,670594,00670594Avon,, East Main St,80,214,2140080,2140080,
334559,0Brandford Mount,3 Redwood Lane,674665,00674665Avon,, Redwood Lane,3,368,3680003,3680003,
,,,671253,,,,,,1161010,1161010,
,,,671256,,,,,,1161040,1161040,
,,,671257,,,,,,1161050,1161050,
,,,675138,,,,,,1162010,1162010,
,,,671254,,,,,,1162020,1162020,
,,,671259,,,,,,1162070,1162070,
,,,671260,,,,,,1162090,1162090,
,,,674349,,, ,,,1610150,1610150,
,,,,,,,,,1780003,1780003,
,,,670568,,,,,,1830050,1830050,
,,,732152,,,,,,2020022,2020022,
,,,671198,,,,,,2210021,2210021,
,,,, ,,,,,2810335,2810335,hucleb
,,,, ,,,,,3890106,3890106,
,,,671214,,,,,,3970124,3970124,
,,,,,,,,,3970147,3970147,
,,,671213,,,,,,3971111,3971111,
,,,690186,,,,,,4370050,4370050,
,,,676227,,,,,,4500021,4500021,
,,,676771,,,,,,4500021,4500021,
,,,, ,,,,,4540014,4540014,
,,,676758,,,,,,4540026,4540026,
,,, ,,,,,,4540183,4540183,183 WE
,,,,,,,,,4540205,4540205,205WEST
,,,,,,,,,4540221,4540221,221 WEST
,,,,,,,,,4540225,4540225,225 WEST
,,,,,,,,,4540279,4540279,279 WEST
,,,,,,,,,4540282,4540282,282 WEST
,,,,,,,,,4540304,4540304,304 WEST
,,,,,,,,,4540328,4540328,328 WEST
,,,671198,,,,,,2210021,2210021,
,,,675172,,,,,,2210021,2210021,
,,,675173,,,,,,2210021,2210021,
,,,671205,,,,,,2210021,2210021,
,,,671206,,,,,,2210021,2210021,
,,,817970,,,,,,1830050,1830050,
,,,817971,,,,,,1830050,1830050,
,,,817973,,,,,,1830050,1830050,
,,,817974,,,,,,1830050,1830050,
,,,817975,,,,,,1830050,1830050,
,,,817983,,,,,,1830050,1830050,
,,,670762,,,,,,2020027,2020027,
,,,670763,,,,,,2020027,2020027,
,,,675332,,,,,,2020027,2020027,
,,,676263,,,,,,2020027,2020027,
